"","tSI.fup.CP","tSI.PL.CP","tSI.PA.CP","tSI.PK.CP","tSI.PSk.CP","tSI.PR.CP","tSI.PG.CP","tSI.VSk.CP","tSI.VK.CP","tSI.VFil.CP","tSI.VG.CP","tSI.VL.CP","tSI.VA.CP","tSI.VR.CP","tSI.VP.CP","tSI.QSk.CP","tSI.QK.CP","tSI.QG.CP","tSI.QL.CP","tSI.QA.CP","tSI.QR.CP","tSI.QUr.CP","tSI.GFR.CP","tSI.CL_FiltPT.CP","tSI.CLbiliary.CP","tSI.CLfecal.CP","Times","Year"
"0.01",0.000517574035707957,0.470819108016478,0.019197181509952,0.00468126717670392,0.00349139910561189,0.226538569517258,0.000939910728805882,0.00259424455374093,0.00285693692444575,0.00113848047459262,0.000999767945593777,0.248923742971458,0.0108977379880896,0.137880490098029,0.10691202855686,0.00399501382534251,0.00171149533790766,0.0179759683059584,0.00518498673728576,0.00744980473094068,0.00359337368258279,0.00259869051545403,0.00524497983674264,0.00407226663806097,0.00276074087845957,0.00301991008254263,0.01,1.14155251141553e-06
"1.01",0.00092933563867692,0.367213200594284,0.0328193403110351,0.00445426130473163,0.0034517881550256,0.27218401768148,0.00099729980350407,0.00286233900418682,0.00290170956818736,0.00108031073597759,0.00100523637289947,0.196430436473645,0.0222847357566617,0.172622687626345,0.126574827533283,0.00447941253029811,0.00208871171523275,0.00329071936630583,0.00230196129542137,0.00360296403805949,0.00434621310332384,0.00182422450358415,0.00422639291909761,0.00547896420907141,0.00253722946661712,0.00309252990101214,1.01,0.000115296803652968
"2.01",0.000928771734616629,0.367169395106742,0.0328352247682204,0.0045096657872518,0.00345011768329722,0.272068888117624,0.000996651809499283,0.00286302625945931,0.00290011731110083,0.00107996981699539,0.00100498487676575,0.196480623957127,0.0222772493934705,0.172594932868428,0.126572173273047,0.00448100515016932,0.00208656845167634,0.00328975072337714,0.00230253801994003,0.00360171684168378,0.00434564638490065,0.00182362817346211,0.0042268875946371,0.00548058910408749,0.00253648397020476,0.00309653352270167,2.01,0.000229452054794521
"3.01",0.000928967871828723,0.367124914429163,0.0328510675525763,0.00456562724026628,0.0034484432534801,0.271953562856885,0.000996004247118343,0.0028637122166747,0.00289852553568077,0.00107962903814718,0.00100473407831323,0.196530613370419,0.022269746586034,0.172566927912096,0.126569367698588,0.00448258937453807,0.00208441109627315,0.00328877276617419,0.00230311257878753,0.0036004542075504,0.00434501294643455,0.00182340208579526,0.00422783609565978,0.00548272184180498,0.00253573464203516,0.00310055214863507,3.01,0.000343607305936073
"4.01",0.00092992191780914,0.367079757987869,0.0328668685809513,0.00462214659467739,0.0034467648480387,0.271838042684188,0.000995357114873174,0.00286439688159397,0.00289693425072834,0.00107928840898204,0.00100448397312696,0.19658040419244,0.0222622273028954,0.172538672454509,0.126566410645344,0.00448416518902479,0.00208223976016002,0.00328778546793298,0.00230368494377986,0.00359917611453044,0.00434431271916273,0.00182354632632435,0.00422923875279744,0.00548536309393008,0.00253498150674707,0.00310458584636617,4.01,0.000457762557077626
"5.01",0.000931631714588654,0.367033925173955,0.0328826276360184,0.00467922477969498,0.00344508246368149,0.271722328254886,0.000994710415828282,0.00286508024368504,0.0028953434589907,0.00107894792620666,0.00100423455766927,0.196629995692863,0.0222546915640221,0.172510166197802,0.126563302004013,0.00448573256875997,0.00208005453474926,0.0032867888039193,0.0023042551037137,0.00359788255447553,0.00434354565355319,0.00182406098390311,0.00423109588026598,0.00548851351014801,0.0025342245687082,0.0031086346659551,5.01,0.000571917808219178
"6.01",0.00093409508449227,0.366987415377426,0.0328983445148951,0.00473686272392766,0.00344339609958972,0.271606420222731,0.000994064152980645,0.0028657623001183,0.00289375316273253,0.00107860758695584,0.00100398582988557,0.196679387168438,0.0222471393715743,0.172481408852098,0.126560041676864,0.00448729148442426,0.00207785552909683,0.00328578274926192,0.00230482304658348,0.00359657352039082,0.00434271171024922,0.00182494614719362,0.00423340779107575,0.00549217372189317,0.00253346382898807,0.00311269866601094,6.01,0.000686073059360731
"7.01",0.000937309831855915,0.366940227998995,0.0329140190156526,0.0047950613532042,0.00344170575477467,0.27149031923826,0.000993418329185403,0.00286644304775712,0.0028921633641469,0.00107826738827361,0.00100373778864882,0.196728577914445,0.0222395707290415,0.172452400115241,0.12655662956383,0.00448884190822238,0.00207564284974751,0.00328476727840921,0.00230538876041557,0.00359524900519594,0.00434181085953094,0.00182620190337714,0.0042361747923366,0.00549634434217461,0.00253269929206665,0.00311677790307747,7.01,0.000800228310502283
"8.01",0.000941273742729942,0.366892362447677,0.03292965093644,0.00485382159072878,0.00344001142790549,0.271374025952351,0.000992772947285703,0.00286712248359533,0.00289057406544659,0.00107792732720036,0.00100349043237058,0.196777567225985,0.0222319856396877,0.172423139695855,0.126553065566653,0.00449038381244109,0.00207341660477365,0.00328374236616871,0.00230595223335912,0.00359390900265213,0.00434084308230782,0.00182782833825412,0.00423939718512742,0.00550102596414728,0.00253193096199451,0.00312087243430887,8.01,0.000914383561643836
"9.01",0.000945984585206827,0.366843818141816,0.0329452400753597,0.00491314435715515,0.00343831311764111,0.271257541014145,0.000992128010164439,0.00286780060459053,0.00288898526882664,0.00107758740074935,0.00100324375933691,0.19682635439888,0.0222243841067662,0.172393627304901,0.126549349589266,0.00449191716946336,0.00207117690317284,0.00328270798781565,0.00230651345349093,0.00359255350721421,0.0043398083696865,0.00182982553601936,0.00424307526443253,0.00550621916113565,0.00253115884270478,0.00312498231686595,9.01,0.00102853881278539
"10.01",0.000951440110167567,0.366794594504759,0.0329607862307526,0.00497303057101581,0.00343661082278988,0.271140865072255,0.000991483520684033,0.00286847740773379,0.00288739697660954,0.00107724760597745,0.00100299776790775,0.196874938727839,0.022216766133528,0.172363862654302,0.126545481535985,0.00449344195178116,0.0020689238547261,0.00328166411846724,0.00230707240899588,0.00359118251450565,0.00433870672307921,0.00183219357969975,0.00424720931933671,0.00551192448719879,0.00253038293810774,0.00312910760784062,10.01,0.00114269406392694
"11.01",0.000957638051276888,0.366744690973179,0.0329762892011797,0.00503348114799662,0.00343490454194793,0.271023998771096,0.000990839481760597,0.0028691528900765,0.00288580919083326,0.00107690793983415,0.00100275245628232,0.196923319509923,0.0222091317231654,0.172333845458176,0.126541461314121,0.00449495813175842,0.00206665757027609,0.00328061073431845,0.00230762908781688,0.00358979602018155,0.00433753815405444,0.00183493255038574,0.00425179963273739,0.00551814247579621,0.00252960325244831,0.00313324836506477,11.01,0.00125684931506849
"12.01",0.000964576126123084,0.366694106979882,0.0329917487854936,0.0050944970023908,0.00343319427461795,0.270906942758521,0.000990195896174551,0.0028698270486444,0.00288422191412077,0.00107656839948866,0.00100250782294242,0.196971496037958,0.0222014808791238,0.172303575432035,0.126537288829471,0.00449646568212281,0.00206437816107203,0.00327954780983843,0.00230818347840311,0.00358839402203972,0.00433630268481857,0.00183804252887403,0.00425684648174547,0.00552487364199707,0.00252881978943083,0.00313740464512076,12.01,0.00137100456621005
"13.01",0.000972252035333865,0.366642841989419,0.0330071647824496,0.00515607904428736,0.00343148001864677,0.270789697668692,0.000989552766989998,0.00287049988069117,0.00288263514778304,0.00107622898162734,0.0010022638657061,0.197019467613618,0.0221938136033018,0.172273052294954,0.126532963994872,0.00449796457517764,0.00206208574021616,0.00327847532468644,0.00230873556806335,0.00358697651598079,0.00433500034731342,0.0018415235923074,0.0042623501371077,0.00553211847799895,0.00252803255421215,0.00314157650804801,13.01,0.0014851598173516
"14.01",0.000980663465292575,0.366590895427026,0.033022536993129,0.00521822818266149,0.00342976177594609,0.270672264158543,0.000988910096378315,0.00287117138230071,0.00288104889640362,0.00107588968498611,0.00100202058348866,0.197067233519681,0.0221861299008224,0.172242275765635,0.126528486717304,0.00449945478799203,0.0020597804182092,0.00327739324932437,0.00230928534758246,0.00358554350359277,0.00433363118615222,0.0018453758211457,0.00426831086300066,0.00553987745853586,0.0025272415476661,0.00314576400468405,14.01,0.00159931506849315
"15.01",0.000989808084115507,0.366538266817448,0.0330378652143759,0.00528094532389889,0.00342803954049797,0.270554642839934,0.000988267888368966,0.00287184155312661,0.00287946315740104,0.00107555050326749,0.00100177797409886,0.197114793081921,0.0221784297777701,0.172211245571549,0.126523856913691,0.00450093628083559,0.00205746231419852,0.00327630156630589,0.00230983280209693,0.00358409497885421,0.00433219524923552,0.00184959928513444,0.00427472891945944,0.00554815103673554,0.00252644677927569,0.00314996720564575,15.01,0.0017134703196347
"16.01",0.000999683550743779,0.366484955548962,0.0330531492463248,0.00534423137704605,0.00342631331780607,0.270436834380091,0.00098762614537895,0.00287251038879017,0.00287787793843313,0.00107521143483968,0.00100153603552655,0.197162145552337,0.0221707132271376,0.172179961424333,0.126519074482272,0.00450240903908208,0.00205513153889592,0.00327520024397119,0.00231037791690518,0.00358263094869671,0.00433069260529029,0.00185419406688547,0.00428160456088922,0.0055569396580158,0.00252564825329478,0.0031541861616418,16.01,0.00182762557077626
"17.01",0.00101028749991914,0.366430961162932,0.0330683888794065,0.00540808723232726,0.00342458310177367,0.270318839388359,0.000986984868811902,0.00287317788485111,0.00287629323789547,0.00107487247795894,0.00100129476587658,0.197209290276319,0.0221629802664584,0.172148423050316,0.126514139354967,0.00450387303187907,0.0020527882079372,0.00327408926673369,0.00231092068687342,0.0035811514064479,0.0043291233201415,0.00185916023243038,0.00428893802975034,0.00556624370016032,0.00252484597121168,0.00315842092534802,17.01,0.00194178082191781
"18.01",0.00102161756628927,0.366376283134784,0.0330835839432622,0.00547251380273792,0.00342284889586382,0.270200658532361,0.000986344063628053,0.00287384404278555,0.0028747090602963,0.00107453362759919,0.0010010541644323,0.197256226519065,0.0221552308813836,0.172116630220086,0.126509051442134,0.00450532822862255,0.00205043243961509,0.00327296861166093,0.00231146109637232,0.00357965636035054,0.00432748749814629,0.0018644978584119,0.00429672956887972,0.00557606361141332,0.00252403993459227,0.0031626715691127,18.01,0.00205593607305936
"19.01",0.00103367134979533,0.366320920956281,0.033098734186792,0.0055375119672529,0.00342111069780922,0.270082292414997,0.000985703732420484,0.00287450885279552,0.00287312540491542,0.00107419488318614,0.00100081422682983,0.197302953618681,0.0221474650995278,0.172084582594022,0.126503810664473,0.00450677460985804,0.00204806434657658,0.003271838251659,0.00231199913434628,0.00357814580377311,0.00432578518713462,0.00187020701089289,0.00430497941513193,0.00558639970338524,0.00252323015807634,0.00316693813524567,19.01,0.00217009132420091
"20.01",0.00104644646836847,0.366264874123298,0.0331138394812786,0.00560308264018048,0.00341936850785312,0.269963741654654,0.000985063876270575,0.00287517232327161,0.0028715422780597,0.00107385624279326,0.00100057495516737,0.197349470742279,0.0221396828945773,0.172052279953306,0.126498416935357,0.0045082121418061,0.00204568405094028,0.00327069816790979,0.00231253478855882,0.0035766197537541,0.0043240165498686,0.00187628776366526,0.00431368778681485,0.00559725237927826,0.00252241663422004,0.00317122070226405,20.01,0.00228424657534247
"21.01",0.00105994049274709,0.366208142161001,0.0331288995691063,0.00566922669834649,0.00341762232569567,0.269845006907167,0.000984424499345149,0.00287583444248956,0.0028699596785827,0.00107351769826045,0.00100033634549752,0.197395777370275,0.0221318842915822,0.172019722027921,0.126492870181129,0.00450964080257807,0.00204329166959214,0.00326954833538509,0.00231306804762703,0.00357507820024316,0.00432218167448828,0.00188274017891921,0.00432285492092981,0.00560862193730141,0.00252159937580767,0.00317551931334719,21.01,0.00239840182648402
"22.01",0.00107415100280452,0.366150724590908,0.0331439142715785,0.00573594503590245,0.00341587215044141,0.269726088786013,0.000983785604202292,0.0028764952108453,0.00286837760944425,0.00107317925001711,0.00100009839356325,0.197441872680699,0.0221240692863628,0.171986908544236,0.126487170319907,0.00451106056132615,0.00204088732006835,0.00326838873406006,0.00231359889884117,0.0035735211540185,0.00432028066800783,0.00188956432701672,0.00433248102269725,0.00562050869760129,0.00252077838649032,0.00317983403355573,22.01,0.00251255707762557
"23.01",0.00108907555988214,0.366092620936123,0.0331588833890776,0.00580323853890044,0.00341411798265605,0.269606987916844,0.00098314719359125,0.00287715462561844,0.00286679607290359,0.00107284089444994,0.000999861100747501,0.197487756020825,0.0221162378825633,0.171953839246387,0.126481317276432,0.00451247139350575,0.00203847112242292,0.00326721934158705,0.00231412733086744,0.00357194861929482,0.0043183136885049,0.00189676027087347,0.00434256630556915,0.00563291294874417,0.00251995367045199,0.00318416492182441,23.01,0.00262671232876712
"24.01",0.00110471171385838,0.366033830735468,0.0331738067229325,0.00587110809140703,0.00341235982221966,0.269487704922095,0.000982509270338872,0.00287781268403731,0.00286521507106452,0.00107250262903751,0.000999624463915394,0.197533426675555,0.0221083900834441,0.171920513873186,0.126475310975224,0.00451387327219177,0.00203604319675046,0.00326604013655969,0.00231465333175158,0.00357036060233729,0.00431628086955109,0.00190432807485756,0.00435311097286826,0.00564583495702051,0.00251912523290307,0.00318851203757866,24.01,0.00274086757990868
"25.01",0.00112105700326623,0.365974353534394,0.0331886840752772,0.00593955457497455,0.00341059766917604,0.269368240421919,0.000981871837226067,0.00287846938436569,0.00286363460607324,0.00107216444964231,0.000999388481181973,0.19757888394486,0.0221005258921926,0.171886932175734,0.126469151342667,0.00451526617126041,0.00203360366399754,0.00326485109757881,0.00231517688965177,0.00356875710962687,0.004314182372763,0.00191226779993594,0.00436411522289646,0.00565927497310104,0.0025182930787027,0.00319287544082001,25.01,0.00285502283105023
"26.01",0.00113810895571853,0.36591418888595,0.0332035152474353,0.00600857886834929,0.00340883152379177,0.269248595034437,0.000981234897032901,0.00287912472325753,0.00286205467996641,0.00107182635462317,0.000999153150537158,0.197624127127895,0.0220926453118436,0.171853093891255,0.126462838306539,0.00451665006366018,0.00203115264482367,0.00326365220398217,0.00231569799278424,0.00356713814909888,0.00431201835460624,0.00192057950800675,0.00437557924591019,0.00567323321827735,0.00251745721352945,0.00319725519101466,26.01,0.00296917808219178
"27.01",0.0011558650879494,0.365853336351804,0.0332183000424245,0.00607818184830837,0.00340706138626388,0.269128769375629,0.000980598452532289,0.00287977869950919,0.00286047529493929,0.00107148833922326,0.000998918470014165,0.19766915552594,0.0220847483457141,0.171818998779763,0.126456371796221,0.00451802492392701,0.00202869026156027,0.00326244343460207,0.00231621662929757,0.00356550372891404,0.00430978899972161,0.00192926325696863,0.00438750322825328,0.00568770990322156,0.00251661764206648,0.00320165134872081,27.01,0.00308333333333333
"28.01",0.00117432290658093,0.365791795502646,0.0332330382628294,0.00614836438887296,0.00340528725717755,0.269008764059931,0.000979962506486509,0.00288043130928852,0.00285889645294306,0.00107115040268919,0.000998684437537989,0.197713968438401,0.0220768349970486,0.17178464657765,0.126449751742331,0.00451939072474339,0.00202621663533613,0.00326122476938706,0.00231673278719517,0.00356385385832541,0.00430749447916785,0.00193831910672584,0.00439988734728047,0.00570270520287708,0.00251577437027202,0.00320606397379217,28.01,0.00319748858447489
"29.01",0.00119347990814596,0.36572956591626,0.0332477297119702,0.00621912736142367,0.00340350913676963,0.268888579699572,0.000979327061689661,0.00288108255226063,0.00285731815622492,0.00107081253880643,0.000998451051148774,0.197758565167757,0.0220689052690009,0.17175003705731,0.126442978077075,0.00452074744140019,0.0020237318907506,0.00325999618746386,0.00231724645480849,0.00356218854695221,0.00430513500636864,0.00194774711146406,0.00441273177788668,0.00571821929217875,0.0025149274027048,0.00321049312720503,29.01,0.00331164383561644
"30.01",0.00121333357987252,0.365666647180257,0.0332623741927206,0.00629047163478336,0.00340172702593389,0.268768216905215,0.000978692120867652,0.00288173242382939,0.00285574040663334,0.00107047474869952,0.000998218308726329,0.197802945018096,0.0220609591648024,0.171715169945555,0.126436050733928,0.004522095045981,0.00202123614950578,0.00325875766963608,0.0023177576201157,0.0035605078057013,0.00430271076172799,0.0019575473295159,0.00442603668391552,0.00573425229620252,0.00251407674594191,0.00321493886877271,30.01,0.00342579908675799
"31.01",0.00123388139946277,0.365603038888764,0.0332769715091938,0.0063623980751961,0.00339994092491858,0.268647676285044,0.000978057686818379,0.0028823809238538,0.00285416320651233,0.0010701370255825,0.000997986208301493,0.197847107283859,0.0220529966875613,0.17168004504182,0.126428969648048,0.00452343351489972,0.00201872953630278,0.00325750919514676,0.0023182662715731,0.00355881164558016,0.00430022197419559,0.00196771981088413,0.004439802229247,0.00575080434425488,0.00251322240412173,0.00321940126030607,31.01,0.00353995433789954
"32.01",0.00125512083619852,0.365538740646703,0.0332915214645907,0.00643490754634264,0.00339815083501152,0.268526958445924,0.000977423762229934,0.00288302804847018,0.00285258655754526,0.00106979936889005,0.000997754747666235,0.197891051267205,0.0220450178405517,0.171644662066154,0.126421734755788,0.00452476281916439,0.0020162121738128,0.00325625074584379,0.0023187723970314,0.00355710007921042,0.00429766885872924,0.0019782646136425,0.0044540285634139,0.00576787553049969,0.00251236438470941,0.00322388036137302,32.01,0.0036541095890411
"33.01",0.00127704935035724,0.365473752064316,0.0333060238640835,0.00650800090930466,0.00339635675638634,0.268406063991825,0.000976790349916867,0.00288367379736341,0.00285101046225702,0.00106946177333378,0.000997523924884058,0.197934776283148,0.0220370226268458,0.171609020810513,0.126414345995269,0.00452608293696781,0.00201368418883068,0.00325498230079846,0.00231927598515314,0.00355537311885958,0.0042950516597857,0.00198918178233867,0.00446871584020012,0.00578546593783775,0.00251150269102445,0.00322837623401469,33.01,0.00376826484018265
"34.01",0.00129966439476079,0.365408072764308,0.0333204785110476,0.00658167902257858,0.00339455869087395,0.268284993525886,0.000976157452516224,0.00288431816615462,0.00284943492206868,0.00106912423844185,0.000997293737623273,0.197978281621764,0.0220290110497782,0.171573121015892,0.126406803305666,0.00452739383682721,0.00201114570414109,0.0032537038432757,0.00231977702356587,0.0035536307790049,0.00429237060355139,0.00200047137115418,0.00448386419357851,0.00580357561276033,0.0025106373319312,0.00323288893875986,34.01,0.0038824200913242
"35.01",0.00132296341359459,0.365341702372622,0.0333348852119092,0.00665594274204768,0.00339275663837,0.268163747647734,0.000975525072881234,0.00288496115510199,0.00284785993981287,0.00106878675938649,0.000997064184025565,0.198021566600741,0.0220209831123587,0.171536962478243,0.126399106628109,0.00452869549979451,0.00200859684737313,0.00325241535172562,0.00232027550126348,0.00355187307298055,0.00428962595088862,0.00201213342638973,0.00449947376881106,0.00582220459181089,0.00250976830905851,0.00323741853795985,35.01,0.00399657534246575
"36.01",0.00134694384472402,0.36527464053046,0.0333492437699198,0.00673079292097174,0.00339095060149788,0.268042326956964,0.000974893213564032,0.00288560275982779,0.00284628551647264,0.00106844933419339,0.000996835261583673,0.198064630499657,0.0220129388180194,0.171500544940142,0.126391255904541,0.00452998789621564,0.00200603774140951,0.00325111681144421,0.00232077140527591,0.00355010001733924,0.00428681795712667,0.00202416799825953,0.00451554468222513,0.00584135288900376,0.00250889563326158,0.00324196509179959,36.01,0.00411073059360731
"37.01",0.00137160311750104,0.36520688687888,0.0333635539934028,0.00680623040996124,0.00338914057944468,0.267920732048586,0.00097426187746279,0.00288624298105442,0.00284471165547082,0.0010681119585964,0.000996606968586677,0.198107472663937,0.0220048781695938,0.171463868195353,0.126383251079241,0.00453127100219155,0.00200346851673316,0.00324980819949539,0.00232126472544747,0.00354831162606695,0.0042839468980445,0.00203657512847704,0.00453207707322447,0.00586102049302921,0.00250801930648352,0.00324652866320809,37.01,0.00422488584474886
"38.01",0.00139693865635082,0.365138441078635,0.0333778156848655,0.00688225605653385,0.00338732657588572,0.267798963518899,0.000973631067166969,0.00288688181305836,0.00284313835720729,0.00106777463104839,0.000996379302207129,0.198150092347925,0.0219968011707173,0.171426932003741,0.126375092096832,0.00453254479024179,0.00200088929405664,0.00324848950455399,0.00232175544897935,0.00354650791804154,0.00428101304300363,0.00204935486390652,0.00454907103588793,0.0058812073671918,0.00250713933833429,0.00325110931329431,38.01,0.00433904109589041
"39.01",0.00142294787685133,0.365069302784642,0.0333920286537392,0.00695887070723713,0.00338550859057425,0.267677021957893,0.000973000785454015,0.00288751925860882,0.00284156562498508,0.00106743734638715,0.000996152261005179,0.198192488917838,0.0219887078243021,0.171389736157163,0.126366778904825,0.00453380923875233,0.0019983002046182,0.00324716070175315,0.0023222435646219,0.00354468890920909,0.00427801669200238,0.0020625072463605,0.00456652670648423,0.00590191346926663,0.0025062557302038,0.00325570710462311,39.01,0.00445319634703196
"40.01",0.00144962819196068,0.364999471680583,0.0334061927034547,0.00703607520523801,0.00338368662608446,0.267554907959369,0.000972371034910791,0.00288815531211888,0.0028399934597787,0.00106710010430362,0.000995925842164569,0.198234661605693,0.0219805981337138,0.171352280415336,0.126358311450227,0.00453506431670836,0.0019957013727351,0.00324582177878547,0.00232272905993605,0.00354285461865331,0.00427495812474967,0.00207603231913347,0.00458444416749302,0.00592313871305443,0.00250536849499023,0.00326032209850933,40.01,0.00456735159817352
"41.01",0.00147697700467455,0.364928947430756,0.0334203076448961,0.00711387038820523,0.0033818606828389,0.267432622107076,0.000971741818356997,0.00288878997363966,0.00283842186436774,0.00106676289992227,0.00099570004380094,0.198276609804532,0.02197247210194,0.171314564591637,0.1263496896842,0.00453631000646615,0.0019930929287534,0.00324447271582713,0.0023232119243408,0.00354100506414363,0.00427183765673724,0.00208993012022185,0.00460282353348598,0.00594488300576426,0.00250447763114807,0.00326495435841394,41.01,0.00468150684931507
"42.01",0.0015049917160439,0.364857729736785,0.0334343732825237,0.00719225709526388,0.00338003076347537,0.267310164990783,0.000971113138388291,0.00288942324039616,0.00283685084039569,0.00106642573055002,0.000995474863436185,0.198318332761506,0.0219643297323779,0.171276588446439,0.126340913556635,0.00453754627742993,0.00199047499764207,0.00324311349824518,0.00232369214528902,0.00353914026626294,0.00426865559947569,0.00210420069019246,0.00462166488323101,0.00596714623012193,0.00250358315076651,0.00326960394592608,42.01,0.00479566210045662
"43.01",0.00153366972040123,0.364785818291645,0.0334483894250405,0.00727123616076493,0.00337819686950376,0.267187537193399,0.000970484997709509,0.00289005511099565,0.00283528038986494,0.00106608859326041,0.000995250298894246,0.198359829804744,0.0219561710281692,0.171238351777116,0.126331983020534,0.00453877310659483,0.00198784770813965,0.00324174410864031,0.00232416971145435,0.00353726024514021,0.00426541227380088,0.00211884406598162,0.00464096830681366,0.00598992824404492,0.00250268505839166,0.0032742709240136,43.01,0.00490981735159817
"44.01",0.001563008407619,0.364713212802005,0.0334623558805474,0.00735080841677436,0.00337635900285158,0.267064739297109,0.000969857398984231,0.00289068558370109,0.00283371051472991,0.00106575148499566,0.00099502634787656,0.198401100243225,0.0219479959925438,0.171199854373602,0.126322898029916,0.00453999046899849,0.00198521118819985,0.00324036453090901,0.00232464461116733,0.0035353650219379,0.00426210800987363,0.00213386028379838,0.00466073388275186,0.00601322888522244,0.00250178336066149,0.00327895535543432,44.01,0.00502397260273973
"45.01",0.00159300516311349,0.364639912982788,0.0334762724575487,0.00743097469265019,0.00337451716551083,0.266941771881925,0.000969230344879524,0.00289131465682817,0.00283214121694553,0.00106541440271293,0.000994803008079615,0.198442143386992,0.0219398046287308,0.171161096029339,0.126313658540273,0.00454119833991058,0.00198256556604501,0.00323897474916768,0.00232511683280328,0.00353345461854533,0.00425874314592558,0.00214924937844436,0.00468096168357022,0.00603704796931006,0.00250087806415757,0.00328365730314657,45.01,0.00513812785388128
"46.01",0.00162365736813395,0.364565918557697,0.0334901389649588,0.00751173581506555,0.00337267135956947,0.266818635525722,0.000968603838048532,0.00289194232872783,0.00283057249846128,0.00106507734337413,0.000994580277178003,0.198482958547244,0.021931596939957,0.17112207654051,0.126304264508567,0.00454239669472258,0.00197991097009296,0.00323757474781665,0.00232558636475995,0.00353152905758263,0.00425531802829244,0.00216501138332519,0.0047016517755248,0.00606138529000748,0.00249996917551556,0.00328837683024921,46.01,0.00525228310502283
"47.01",0.00165496240009209,0.364491229259205,0.0335039552121063,0.00759309260795644,0.00337082158721966,0.2666953308044,0.000967977881144244,0.0028925685977971,0.00282900436120503,0.00106474030393253,0.000994358152832775,0.198523545035721,0.021923372929459,0.171082795705951,0.126294715893219,0.00454358550887071,0.00197724752889739,0.00323616451161097,0.00232605319546257,0.00352958836242288,0.00425183301118526,0.00218114633050663,0.0047228042184901,0.0060862406191118,0.00249905670148307,0.00329311400000472,47.01,0.00536643835616438
"48.01",0.001686917632885,0.364415844828536,0.033517721008684,0.00767504589258614,0.00336896785072476,0.266571858291456,0.0009673524767986,0.00289319346251258,0.00282743680711923,0.00106440328134925,0.000994136632682463,0.198563902165226,0.0219151326004516,0.171043253327113,0.126285012654135,0.00454476475800085,0.00197457537116386,0.00323474402543862,0.00232651731334661,0.00352763255712969,0.00424828845681489,0.00219765425062155,0.0047444190662338,0.0061116137066584,0.0024981406487687,0.00329786887583179,48.01,0.00548059360730594
"49.01",0.00171952043714374,0.364339765015619,0.0335314361649028,0.00775759648742629,0.00336711015249509,0.266448218558662,0.000966727627656172,0.0028938169213214,0.00282586983811595,0.00106406627258926,0.000993915714369464,0.198604029248849,0.0219068759562106,0.171003449207929,0.126275154752731,0.00454593441771871,0.00197189462574492,0.00323331327467953,0.00232697870685365,0.0035256616665502,0.00424468473505038,0.00221453517296895,0.00476649636591986,0.00613750428100455,0.00249722102430165,0.00330264152127084,49.01,0.00559474885844749
"50.01",0.00175276818056027,0.36426298957932,0.0335451004913426,0.00784074520823079,0.00336524849500599,0.266324412175542,0.000966103336349011,0.00289443897272752,0.0028243034561102,0.00106372927461316,0.000993695395510064,0.198643925600724,0.0218986030000097,0.170963383155244,0.126265142151885,0.00454709446375783,0.00196920542159755,0.00323187224496975,0.00232743736445578,0.00352367571624534,0.00424102222327687,0.00223178912546256,0.0047890361584751,0.00616391204842022,0.00249629783504732,0.0033074320000289,50.01,0.00570890410958904
"51.01",0.00178665822819075,0.364185518287217,0.0335587137990205,0.00792449286801284,0.00336338288084188,0.266200439709471,0.000965479605502639,0.00289505961528929,0.00282273766300258,0.00106339228438055,0.000993475673702293,0.198683590535843,0.0218903137351142,0.170923054978707,0.126254974815913,0.00454824487197181,0.00196650788775452,0.00323042092222225,0.00232789327464491,0.00352167473248977,0.0042373013062857,0.00224941613463041,0.00481203847854088,0.00619083669324405,0.00249537108801514,0.00331224037596969,51.01,0.00582305936073059
"52.01",0.00182118794273789,0.364107350915805,0.0335722758993591,0.00800884027704469,0.0033615133126746,0.266076301725722,0.000964856437729233,0.00289567884760524,0.00282117246069018,0.00106305529885276,0.000993256546524002,0.19872302337006,0.0218820081647949,0.170882464490738,0.126244652710612,0.00454938561832621,0.00196380215331982,0.00322895929265672,0.00232834642593731,0.00351965874229621,0.00423352237617163,0.00226741622560671,0.00483550335442529,0.00621827787793265,0.00249444079028338,0.00331706671310814,52.01,0.00593721461187215
"53.01",0.00185635468484366,0.364028487250513,0.0335857866041996,0.00809378824282925,0.00335963979327007,0.265951998787409,0.000964233835640749,0.00289629666831419,0.00281960785106616,0.00106271831499247,0.000993038011543135,0.198762223420059,0.0218736862923173,0.170841611506515,0.126234175803255,0.00455051667888262,0.00196108834744997,0.00322748734280178,0.00232879680687279,0.00351762777337892,0.0042296858321679,0.00228578942214044,0.0048594308081052,0.0062462352430581,0.00249350694900463,0.00332191107559856,53.01,0.0060513698630137
"54.01",0.0018921558133685,0.363948927085549,0.0335992457258582,0.0081793375700937,0.00335776232549734,0.265827531455529,0.000963611801837616,0.00289691307609441,0.00281804383601294,0.00106238132976235,0.000992820066309918,0.198801190003403,0.0218653481209795,0.170800495844033,0.126223544062601,0.0045516380297943,0.00195836659933153,0.00322600505949577,0.00232924440601248,0.00351558185416898,0.00422579208049434,0.00230453574658558,0.00488382085522574,0.00627470840735922,0.00249256957140069,0.00332677352774386,54.01,0.00616552511415525
"55.01",0.00192858868564418,0.363868670224069,0.0336126530770778,0.00826548906078828,0.0033558809123281,0.265702900288899,0.000962990338918379,0.00289752806966663,0.00281648041740112,0.00106204434012518,0.000992602708355972,0.198839922438547,0.0218569936540799,0.170759117324085,0.126212757458893,0.00455274964731889,0.00195563703816533,0.00322451242988082,0.00232968921193932,0.0035135210138286,0.00422184153424556,0.0023236552199003,0.00490867350509616,0.00630369696772823,0.00249162866476516,0.00333165413400043,55.01,0.0062796803652968
"56.01",0.00196565065779253,0.363787716478135,0.033626008471063,0.00835224351408475,0.00335399555681681,0.265578105844262,0.000962369449474365,0.00289814164778874,0.00281491759710324,0.00106170734304623,0.000992385935200657,0.1988784200449,0.0218486228949299,0.170717475770328,0.12620181596381,0.0045538515078198,0.00195289979316466,0.00322300944142362,0.00233013121326051,0.00351144528221832,0.00421783461319794,0.00234314786164584,0.00493398876069857,0.00633320049922077,0.00249068423646759,0.0033365529589557,56.01,0.00639383561643836
"57.01",0.00200333908497574,0.363706065668797,0.0336393117214679,0.00843960172632958,0.00335210626212896,0.265453148676161,0.0009617491360844,0.00289875380926294,0.00281335537697753,0.00106137033549163,0.000992169744345794,0.198916682142788,0.0218402358468488,0.170675571009229,0.126190719550523,0.00455494358776309,0.00195015499352114,0.00322149608190998,0.00233057039861342,0.00350935468992026,0.00421377174367918,0.002363013689977,0.0049597666186685,0.00636321855512501,0.00248973629394238,0.00334147006735821,57.01,0.00650799086757991
"58.01",0.00204165132166718,0.363623717626065,0.0336525626424528,0.00852756449107317,0.00335021303152105,0.265328029337011,0.000961129401322647,0.0028993645529346,0.00281179375887752,0.00106103331442788,0.000991954133281281,0.198954708053471,0.0218318325131637,0.170633402870183,0.126179468193715,0.00455602586372499,0.00194740276839378,0.00321997233944389,0.00233100675665532,0.00350724926820285,0.00420965335843146,0.00238325272164552,0.00498600706930827,0.00639375066690089,0.00248878484469197,0.00334640552409518,58.01,0.00662214611872146
"59.01",0.00208058472191026,0.363540672188917,0.0336657610485982,0.00861613259904719,0.00334831586834903,0.265202748377042,0.000960510247758872,0.00289997387768657,0.0028102327446452,0.00106069627682486,0.0009917390994721,0.198992497099179,0.0218234128972223,0.17059097118542,0.126168061869499,0.00455709831238571,0.00194464324687078,0.00321843820245435,0.00233144027606444,0.00350512904905125,0.00420547989643394,0.00240386497198801,0.0050127100965857,0.00642479634428699,0.00248782989629597,0.00335135939419784,59.01,0.00673630136986301
"60.01",0.00212013663958404,0.363456929205321,0.0336789067549868,0.00870530683816919,0.00334641477607789,0.265077306344311,0.000959891677954627,0.00290058178243702,0.00280867233611728,0.00106035921965639,0.000991524640377817,0.199030048603199,0.0218149770023661,0.170548275790121,0.126156500555456,0.00455816091049803,0.00194187655799158,0.00321689365968352,0.00233187094555063,0.00350299406514767,0.00420125180276634,0.00242485045493053,0.00503987567813164,0.00645635507529085,0.00248687145640232,0.00335633174283041,60.01,0.00685045662100457
"61.01",0.00216030442867075,0.363372488532293,0.0336919995771792,0.00879508799350781,0.00334450975825831,0.264951703784726,0.000959273694467999,0.00290118826615668,0.00280711253512451,0.00106002213989203,0.000991310753437302,0.199067361889731,0.0218065248319577,0.170505316522372,0.126144784230635,0.00455921363497518,0.00193910283069323,0.00321533870019466,0.00233229875384824,0.00350084434987026,0.00419696952842057,0.00244620918298024,0.00506750378523491,0.0064884263262355,0.00248590953272061,0.00336132263529925,61.01,0.00696461187214612
"62.01",0.0022010854434952,0.363287350035844,0.0337050393312176,0.00888547684730281,0.00334260081853808,0.26482594124203,0.000958656299841665,0.00290179332785316,0.00280555334348962,0.00105968503450835,0.000991097436079769,0.199104436284056,0.0217980563893866,0.17046209322322,0.126132912875638,0.00456025646280076,0.00193632219383701,0.00321377331339159,0.00233272368972786,0.00349867993728941,0.0041926335302086,0.00246794116721802,0.00509559438285829,0.00652100954181871,0.00248494413304032,0.00336633213705619,62.01,0.00707876712328767
"63.01",0.00224247703897649,0.363201513591072,0.0337180258336423,0.00897647417891596,0.0033406879606656,0.26470001925773,0.000958039496621699,0.00290239696657519,0.00280399476302173,0.00105934790047455,0.000990884685710314,0.199141271112491,0.0217895716780356,0.170418605736658,0.126120886472455,0.0045612893710866,0.00193353477612253,0.00321219748899864,0.00233314574197647,0.00349650086216138,0.00418824427051483,0.00249004641729658,0.00512414742961489,0.00655410414508744,0.00248397526521553,0.00337136031369407,63.01,0.00719292237442922
"64.01",0.00228447657086985,0.363114979082141,0.0337309589014807,0.00906808076484134,0.00333877118848525,0.264573938371245,0.000957423287339032,0.00290299918141048,0.00280243679552949,0.00105901073477277,0.000990672499724909,0.199177865702416,0.0217810707013087,0.17037485390965,0.126108705004608,0.00456231233703426,0.00193074070613777,0.00321061121707749,0.00233356489941241,0.00349430715992571,0.00418380221721422,0.00251252494143597,0.00515316287778207,0.00658770953754362,0.00248300293716357,0.00337640723093482,64.01,0.00730707762557078
"65.01",0.00232708139601805,0.363027746402248,0.0337438383522679,0.00916029737870938,0.00333685050595272,0.264447699119714,0.000956807674521776,0.00290359997148881,0.00280087944281033,0.00105867353438107,0.000990460875505028,0.199214219382311,0.0217725534626368,0.170330837592187,0.126096368457079,0.0045633253379737,0.00192794011231956,0.0032090144880127,0.00233398115089056,0.00349209886669937,0.00417930784345055,0.0025353767464152,0.00518264067332024,0.00662182509916842,0.00248202715688846,0.00338147295463576,65.01,0.00742123287671233
"66.01",0.00237028887259281,0.362939815453713,0.0337566640040555,0.00925312479126916,0.00333492591710731,0.264321302038189,0.000956192660691046,0.00290419933598176,0.00279932270665888,0.00105833629628067,0.000990249810416044,0.199250331481728,0.0217640199654373,0.170286556637222,0.126083876816315,0.00456432835133072,0.00192513312293108,0.00320740729253619,0.0023343944852888,0.00348987601929782,0.00417476162754269,0.00255860183757926,0.00521258075584476,0.00665645018846892,0.00248104793243751,0.00338655755079604,66.01,0.00753538812785388
"67.01",0.00241409636032208,0.362851186147972,0.033769435675416,0.00934656377038592,0.00333299742609106,0.264194747659435,0.000955578248358147,0.00290479727410564,0.00279776658886022,0.00105799901745696,0.000990039301807921,0.199286201331369,0.0217554702131592,0.170242010900787,0.126071230070234,0.00456532135464927,0.00192231986605294,0.00320578962170313,0.00233480489151952,0.00348763865519441,0.00417016405275903,0.00258220021882269,0.00524298305862783,0.00669158414251814,0.00248006527194153,0.0033916610855536,67.01,0.00764954337899543
"68.01",0.00245850122071516,0.362761858405546,0.033782153185408,0.00944061508101812,0.00333106503714775,0.264068036514081,0.00095496444002876,0.00290539378511485,0.00279621109118986,0.00105766169489683,0.000989829347015059,0.199321828263047,0.0217469042092648,0.170197200241913,0.126058428208245,0.00456630432557839,0.00191950046956721,0.00320416146692055,0.00233521235852261,0.0034853868125253,0.00416551560717378,0.00260617189258499,0.0052738475086207,0.00672722627702627,0.00247907918360084,0.00339678362516507,68.01,0.00776369863013699
"69.01",0.00250350081729305,0.36267183215615,0.0337948163536407,0.00953527948519781,0.00332912875462155,0.26394116913052,0.000954351238201534,0.00290598886830777,0.00279465621541231,0.00105732432558858,0.000989619943359266,0.199357211609768,0.0217383219572368,0.170152124522728,0.126045471221206,0.00456727724188291,0.0019166750611268,0.0032025228199247,0.00233561687526793,0.00348312053009989,0.00416081678351232,0.00263051685984461,0.00530517402645547,0.00676337588640163,0.00247808967567817,0.00340192523601355,69.01,0.00787785388127854
"70.01",0.00254909251582434,0.362581107338704,0.0338074250002746,0.00963055774204393,0.00332718858294476,0.263814146034979,0.000953738645367785,0.00290658252302303,0.00279310196328999,0.00105698690652247,0.000989411088147407,0.199392350705725,0.0217297234605637,0.170106783608459,0.126032359101466,0.00456824008144161,0.00191384376816932,0.00320087367280213,0.00233601843076241,0.00348083984739396,0.00415606807898274,0.00265523512011814,0.00533696252642657,0.00680003224381516,0.00247709675650483,0.00340708598463511,70.01,0.00799200913242009
"71.01",0.00259527368453725,0.362489683901242,0.0338199789459849,0.00972645060774042,0.00332524452664966,0.263686967751464,0.000953126664015724,0.00290717474864031,0.00279154833657682,0.00105664943469188,0.00098920277867014,0.199427244886279,0.0217211087227594,0.170061177367395,0.126019091842893,0.00456919282224424,0.00191100671787743,0.00319921401797694,0.00233641701404133,0.00347854480453942,0.00415126999511823,0.00268032667144931,0.00536921291651093,0.00683719460124645,0.00247610043448656,0.00341226593768367,71.01,0.00810616438356165
"72.01",0.00264204169433047,0.362397561800894,0.0338324780119772,0.00982295883552686,0.00332329659036845,0.263559634801781,0.000952515296620771,0.00290776554458358,0.00278999533702295,0.00105631190709343,0.000988995012205507,0.199461893488013,0.0217124777473416,0.17001530567098,0.126005669440785,0.00457013544240199,0.00190816403717102,0.00319754384821942,0.00233681261417955,0.003476235442327,0.00414642303757471,0.00270579151040713,0.00540192509837123,0.00687486218955566,0.00247510071807617,0.00341746516192638,72.01,0.0082203196347032
"73.01",0.00268939391898528,0.362304741004133,0.0338449220200165,0.00992008317569362,0.00332134477884349,0.263432147705508,0.000951904545653659,0.00290835491031625,0.00278844296636251,0.00105597432072777,0.000988787786018985,0.199496295848765,0.0217038305378566,0.169969168393767,0.125992091891905,0.00457106792013362,0.0019053158526914,0.00319586315664688,0.00233720522028173,0.00347391180218921,0.0041415277160217,0.00273162963207771,0.00543509896734766,0.0069130342185435,0.00247409761581756,0.00342268372428198,73.01,0.00833447488584475
"74.01",0.00273732773538926,0.362211221486601,0.0338573107923946,0.0100178243755566,0.00331938909691012,0.263304506980034,0.000951294413578907,0.00290894284534116,0.00278689122632789,0.00105563667259849,0.000988581097359198,0.199530451307604,0.0216951670978762,0.16992276541341,0.125978359194502,0.00457199023377535,0.00190246229080184,0.00319417193672571,0.00233759482148463,0.00347157392620088,0.00413658454393462,0.00275784103006211,0.00546873441246047,0.00695170987705114,0.00247309113631171,0.00342792169177835,74.01,0.0084486301369863
"75.01",0.00278584052372475,0.362117003233116,0.0338696441519997,0.0101161831794808,0.00331742954949383,0.263176713140521,0.000950684902851906,0.00290952934921211,0.00278534011864213,0.00105529895970973,0.000988374943464487,0.199564359204899,0.021686487430987,0.169876096610802,0.125964471348287,0.00457290236178638,0.00189960347754183,0.00319247018227522,0.00233798140696702,0.00346922185707887,0.0041315940384554,0.00278442569646018,0.00550283131643337,0.00699088833301249,0.00247208128822249,0.00343317913156238,75.01,0.00856278538812785
"76.01",0.00283492966767662,0.36202208623775,0.0338819219222769,0.0102151603288321,0.00331546614161919,0.263048766699928,0.000950076015921342,0.00291011442151679,0.00278378964502426,0.0010549611790722,0.000988169321553634,0.199598018882296,0.0216777915407888,0.169829161869974,0.125950428354442,0.00457380428274021,0.00189673953863703,0.00319075788746475,0.00233836496594217,0.00346685563818598,0.00412655672021482,0.00281138362187772,0.00553738955568746,0.00703056873354213,0.00247106808027888,0.0034384561108957,76.01,0.00867694063926941
"77.01",0.00288459255462119,0.361926470503824,0.0338941439272187,0.010314756561986,0.00331349887841543,0.262920668168981,0.000949467755228373,0.00291069806189044,0.00278223980718253,0.00105462332770057,0.000987964228834781,0.199631429682773,0.0216690794309009,0.169781961078188,0.125936230215621,0.00457469597532847,0.00189387059948878,0.00318903504682073,0.00233874548766106,0.00346447531351233,0.00412147311316513,0.00283871479540672,0.00557240900033462,0.00707075020502179,0.00247005152128203,0.00344375269717154,77.01,0.00879109589041096
"78.01",0.00293482657583377,0.361830156043915,0.0339063099914045,0.0104149726143033,0.00331152776510784,0.262792418056193,0.000948860123210982,0.00291128027000018,0.00278069060681816,0.00105428540260901,0.00098775966250455,0.199664590950631,0.0216603511049638,0.169734494125893,0.125921876935961,0.00457557741835555,0.00189099678513787,0.00318730165521961,0.00233912296140788,0.00346208092767901,0.00411634374439698,0.00286641920462494,0.00560788951419191,0.00711143185315168,0.0024690316200999,0.00344906895790236,78.01,0.00890525114155251
"79.01",0.00298562912669116,0.361733142879889,0.0339184199399843,0.0105158092181538,0.00330955280702301,0.262664016867828,0.00094825312229434,0.00291186104556418,0.00277914204562544,0.00105394740081217,0.000987555619741287,0.199697502031555,0.0216516065666523,0.16968676090683,0.125907368521064,0.00457644859075763,0.0018881182202688,0.00318555770789672,0.00233949737651056,0.00345967252592207,0.00411116914402589,0.00289449683559315,0.00564383095478176,0.00715261276307584,0.00246800838565211,0.00345440496072396,79.01,0.00901940639269406
"80.01",0.00303699760682417,0.361635431042909,0.0339304735987036,0.010617267102853,0.00330757400957993,0.26253546510796,0.000947646754899156,0.00291244038834124,0.00277759412529006,0.00105360931933733,0.000987352097712657,0.199730162272568,0.0216428458196354,0.169638761317922,0.125892704978004,0.00457730947157555,0.00188523502919287,0.00318380320045046,0.00233986872232503,0.00345725015409655,0.00410594984498334,0.00292294767283499,0.00568023317335264,0.00719429199947168,0.00246698182693768,0.00345976077336687,80.01,0.00913356164383562
"81.01",0.00308892942030901,0.361537020573353,0.0339424707938688,0.0107193469947069,0.00330559137830613,0.262406763278404,0.000947041023438189,0.00291301829813528,0.00277604684749486,0.00105327115520799,0.000987149093573025,0.199762571022076,0.0216340688676205,0.16959049525939,0.125877886315359,0.0045781600399865,0.00188234733582382,0.00318203812884179,0.00234023698825623,0.00345481385867745,0.00410068638287435,0.00295177169933845,0.00571709601485477,0.00723646860660452,0.00246595195301007,0.00346513646370259,81.01,0.00924771689497717
"82.01",0.00314142197587135,0.361437911521002,0.0339544113524058,0.0108220496169434,0.00330360491882102,0.262277911878819,0.000946435930317357,0.00291359477478004,0.00277450021390944,0.00105293290545736,0.000986946604467565,0.199794727629929,0.0216252757143322,0.169541962634701,0.125862912543093,0.00457900027527407,0.00187945526368032,0.00318026248938204,0.00234060216373633,0.00345236368673942,0.00409537929581725,0.00298096889654607,0.00575441931797396,0.00727914160844956,0.00246491877299944,0.00347053209969421,82.01,0.00936187214611872
"83.01",0.00319447268704749,0.361338103944931,0.0339662951018126,0.0109253756897503,0.00330161463684047,0.262148911406588,0.0009458314779349,0.00291416981816097,0.00277295422619805,0.00105259456711861,0.000986744627516401,0.199826631447395,0.0216164663635319,0.169493163350675,0.125847783672701,0.00457983015686818,0.00187655893585945,0.00317847627874683,0.0023409642382517,0.00344989968596776,0.00409002912425607,0.00301053924435661,0.00579220291512044,0.00732231000877979,0.0024638822960936,0.00347594774940778,83.01,0.00947602739726027
"84.01",0.00324807897236743,0.361237597913412,0.0339781218702348,0.01102932593024,0.00329962053818225,0.262019762356854,0.00094522766868157,0.00291474342819975,0.00277140888601926,0.00105225613723114,0.000986543159837883,0.199858281827229,0.0216076408189996,0.169444097317397,0.125832499717112,0.0045806496643064,0.00187365847503349,0.00317667949398359,0.0023413232013267,0.00344742190464646,0.0040846364108289,0.00304048272110709,0.00583044663245413,0.00736597279128763,0.00246284253154281,0.00348138348103366,84.01,0.00959018264840183
"85.01",0.00330223825550011,0.361136393504203,0.0339898914863833,0.0111339010524281,0.00329762262875599,0.261890465222556,0.00094462450494166,0.00291531560486722,0.00276986419502541,0.00105191761283789,0.000986342198532664,0.19988967812363,0.0215987990845295,0.169394764448333,0.125817060690715,0.00458145877725216,0.00187075400343648,0.00317487213249648,0.00234167904252414,0.0034449303916344,0.00407920170017724,0.00307079930356602,0.00586915028986814,0.00741012891966795,0.00246179948865748,0.00348683936285676,85.01,0.00970433789954338
"86.01",0.00335694796542727,0.361034490804324,0.034001603779603,0.011239101767266,0.00329562091457631,0.261761020494394,0.000944021989092159,0.00291588634817872,0.00276832015485686,0.00105157899098764,0.000986141740690982,0.199920819692272,0.0215899411639507,0.169345164660264,0.125801466609416,0.00458225747548429,0.0018678456428451,0.00317305419206597,0.00234203175144818,0.00344242519640674,0.00407372553882883,0.00310148896692108,0.00590831370100429,0.00745477733773441,0.00246075317682526,0.00349231546327045,86.01,0.00981849315068493
"87.01",0.0034122055366143,0.360931889910156,0.034013258579867,0.0113449287825765,0.00329361540175521,0.26163142866082,0.000943420123504524,0.00291645565817695,0.00276677676714872,0.00105124026872971,0.000985941783390687,0.199951705890354,0.0215810670611051,0.169295297873294,0.12578571749054,0.00458304573892716,0.00186493351457184,0.00317122567083794,0.00234238131774716,0.00343990636901683,0.00406820847501093,0.00313255168478166,0.00594793667326776,0.00749991696951795,0.00245970360548187,0.00349781185077911,87.01,0.00993264840182648
"88.01",0.003468008409183,0.360828590927512,0.0340248557177377,0.0114513828030822,0.0032916060965005,0.261501690208105,0.000942818910537468,0.00291702353495762,0.00276523403352744,0.00105090144311992,0.00098574232369264,0.199982336076616,0.021572176779868,0.169245164010937,0.125769813352859,0.00458382354762132,0.00186201773945702,0.00316938656732357,0.00234272773111184,0.00343737396009427,0.0040626510584818,0.00316398742916399,0.00598801900782824,0.00754554671936805,0.00245865078412655,0.00350332859397551,88.01,0.010046803652968
"89.01",0.00352435402904088,0.360724593971453,0.0340363950244411,0.0115584645303796,0.00328959300512059,0.261371805620266,0.000942218352545621,0.0029175899786583,0.00276369195562012,0.0010505625112186,0.000985543358648355,0.200012709611346,0.0215632703241437,0.169194763000093,0.125753754216623,0.00458459088174052,0.00185909843785124,0.00316753688041347,0.00234307098128002,0.00343482802084385,0.00405705384040034,0.00319579617048895,0.0060285604996299,0.00759166547210797,0.00245759472233136,0.0035088657615612,89.01,0.0101609589041096
"90.01",0.00358123984804597,0.360619899166417,0.0340478763317951,0.0116661746629079,0.00328757613401736,0.26124177537907,0.000941618451878035,0.00291815498945085,0.00276215053503892,0.00105022347009116,0.000985344885299155,0.200042825856404,0.0215543476978511,0.169144094771095,0.125737540103575,0.00458534772156967,0.00185617572960386,0.00316567660936733,0.00234341105803269,0.00343226860301984,0.00405141737317929,0.00322797787756575,0.00606956093739124,0.00763827209308436,0.00245653542972213,0.00351442342232797,90.01,0.0102751141552511
"91.01",0.00363866332413849,0.360514506646341,0.0340592994722832,0.01177451389596,0.00328555548969323,0.261111599964096,0.000941019210872973,0.00291871856755488,0.00276060977339012,0.00104988431680662,0.000985146900671619,0.200072684175224,0.0215454089049514,0.169093159257701,0.125721171036889,0.00458609404754102,0.00185324973404426,0.00316380575381865,0.00234374795119083,0.00342969575894989,0.0040457422102866,0.00326053251758247,0.00611102010361373,0.00768536542837108,0.00245547291599117,0.00352000164516206,91.01,0.0103892694063927
"92.01",0.00369662192150884,0.360408416554471,0.0340706642790384,0.0118834829216637,0.00328353107874437,0.26098127985265,0.000940420631864392,0.00291928071323733,0.00275906967226684,0.00104954504843948,0.000984949401780155,0.200102283932884,0.0215364539494366,0.16904195639706,0.125704647041188,0.00458682984020411,0.0018503205699862,0.00316192431377249,0.00234408165062894,0.00342710954153593,0.00404002890612543,0.00329346005610012,0.00615293777458898,0.00773294430482672,0.0024544071908928,0.00352560049904238,92.01,0.0105034246575342
"93.01",0.00375511311073409,0.360301629043414,0.0340819705858405,0.0119930824289781,0.00328150290786726,0.260850815519825,0.000939822717177496,0.00291984142679902,0.00275753023326002,0.00104920566207196,0.000984752385629473,0.200131624496062,0.0215274828353111,0.168990486129806,0.125687968142561,0.00458755508024204,0.00184738835571381,0.00316003228961041,0.00234441214626406,0.00342451000421078,0.0040342780158912,0.0033267604570542,0.00619531372042086,0.00778100753022246,0.00245333826424103,0.00353122005303803,93.01,0.0106175799086758
"94.01",0.00381413436891287,0.36019414427524,0.034093218227103,0.0121033131036729,0.00327947098385386,0.260720207438488,0.000939225469129346,0.00292040070858037,0.00275599145796002,0.0010488661547873,0.000984555849209534,0.200160705233102,0.0215184955666111,0.168938748400047,0.125671134368516,0.00458826974846951,0.00184445320896458,0.00315812968209335,0.00234473942805966,0.00342189720096198,0.00402849009540232,0.00336043368273204,0.00623814770504287,0.00782955389340636,0.00245226614591483,0.00353686037631038,94.01,0.0107317351598174
"95.01",0.00387368317979671,0.360085962421425,0.0341044070378976,0.0122141756282996,0.00327743531360007,0.260589456079264,0.000938628890031867,0.00292095855896493,0.00275445334794588,0.00104852652367782,0.000984359789498157,0.200189525514021,0.0215094921474105,0.168886743155378,0.125654145748088,0.00458897382583889,0.00184151524691305,0.00315621649235283,0.00234506348602816,0.00341927118631784,0.00402266570096894,0.00339447969377284,0.00628143948620368,0.00787858216440538,0.00245119084584486,0.00354252153810566,95.01,0.0108458904109589
"96.01",0.00393375703392598,0.359977083662818,0.034115536853961,0.0123256706821921,0.00327539590409309,0.260458561910518,0.000938032982186887,0.00292151497838096,0.00275291590478854,0.00104818676583946,0.000984164203462723,0.200218084710515,0.0215004725818104,0.168834470346834,0.125637002311714,0.00458966729342674,0.00183857458618186,0.00315429272191103,0.00234538431023359,0.00341663201534754,0.00401680538923539,0.00342889844913838,0.00632518881548039,0.0079280910945533,0.00245011237402568,0.00354820360775732,96.01,0.0109600456621005
"97.01",0.00399435342875827,0.35986750818972,0.0341266075117008,0.0124377989414816,0.00327335276242156,0.260327525398444,0.000937437747889569,0.00292206996729847,0.00275137913004933,0.00104784687837014,0.000983969088063219,0.200246382195988,0.0214914368739424,0.168781929929039,0.125619704091309,0.00459035013245632,0.00183563134280968,0.00315235837267007,0.00234570189077961,0.00341397974365494,0.00401090971703815,0.00346368990613757,0.00636939543827206,0.00797807941665032,0.00244903074050848,0.00355390665467545,97.01,0.011074200913242
"98.01",0.00405546986880792,0.359757236201822,0.0341376188481938,0.0125505610790423,0.00327130589575928,0.260196347007035,0.000936843189428882,0.00292262352622561,0.00274984302528496,0.00104750685837416,0.000983774440242713,0.200274417345605,0.0214823850279688,0.168729121860114,0.12560225112023,0.00459102232426227,0.00183268563225267,0.00315041344690417,0.00234601621782897,0.00341131442734968,0.00400497924127767,0.00349885402038057,0.00641405909384343,0.00802854584505164,0.00244794595540776,0.00355963074834598,98.01,0.0111883561643836
"99.01",0.00411710386573931,0.359646267908254,0.0341485707011608,0.0126639577644975,0.00326925531139139,0.260065027198015,0.00093624930908498,0.00292317565571898,0.00274830759204401,0.00104716670296687,0.000983580256933081,0.200302189536272,0.0214733170480863,0.168676046101722,0.125584643433266,0.0045916838503316,0.00182973756937206,0.00314845794728151,0.00234632728158868,0.00340863612306708,0.0039990145187528,0.00353439074579101,0.0064591795153329,0.00807948907584961,0.00244685802890208,0.00356537595832584,99.01,0.0113025114155251
"100.01",0.00417925293852872,0.359534603527564,0.0341594629090287,0.0127779896641973,0.00326720101669342,0.259933566430905,0.000935656109131666,0.0029237263563691,0.00274677283186764,0.00104682640926577,0.000983386535058939,0.200329698146676,0.0214642329385191,0.168622702619083,0.125566881066635,0.00459233469228038,0.00182678726842638,0.00314649187683675,0.00234663507231616,0.00340594488796677,0.00399301610607277,0.00357030003459458,0.00650475642974226,0.00813090778701786,0.00244576697122036,0.00357114235425509,100.01,0.0114166666666667
"101.01",0.00424191461352561,0.359422243287763,0.0341702953109235,0.0128926574412112,0.00326514301913741,0.259801965162955,0.000935063591834529,0.00292427562880859,0.00274523874628885,0.00104648597439534,0.000983193271532201,0.200356942557255,0.0214551327035316,0.168569091381,0.125548964058068,0.00459297483186087,0.001823834843054,0.00314451523900621,0.00234693958032186,0.00340324077970187,0.00398698455942847,0.00360658183730742,0.00655078955794937,0.00818280063851617,0.00244467279265737,0.00357693000584456,101.01,0.0115308219178082
"102.01",0.00430508642460976,0.359309187426317,0.0341810677466392,0.0130079617553312,0.00326308132629121,0.259670223849207,0.000934471759452049,0.00292482347370893,0.00274370533683823,0.00104614539548495,0.000983000463251526,0.200383922150304,0.0214460163474154,0.168515212359847,0.125530892446608,0.00459360425095687,0.00182088040627646,0.0031425280375966,0.00234724079596695,0.00340052385644223,0.00398092043459306,0.00364323610272081,0.00659727861472346,0.00823516627245588,0.00244357550356102,0.00358273898289079,102.01,0.0116449771689498
"103.01",0.0043687659132829,0.359195436190114,0.0341917800566812,0.0131239032630242,0.00326101594581398,0.259538342942549,0.000933880614231764,0.00292536989179037,0.00274217260504028,0.00104580466966859,0.000982808107109268,0.200410636309919,0.0214368838745042,0.168461065531568,0.125512666272894,0.00459422293160148,0.00181792407049803,0.00314053027680607,0.00234753870966697,0.00339779417684385,0.00397482428661298,0.00368026277790607,0.00664422330875096,0.00828800331325363,0.00244247511434397,0.00358856935522764,103.01,0.0117591324200913
"104.01",0.00443295062878157,0.359080989835463,0.0342024320822107,0.0132404826174223,0.00325894688547186,0.25940632289356,0.000933290158420186,0.00292591488381049,0.00274064055240237,0.00104546379408705,0.000982616199986408,0.200437084422044,0.0214277352891621,0.168406650875775,0.125494285578928,0.0045948308559578,0.00181496594745869,0.00313852196122026,0.00234783331189112,0.0033950518000567,0.0039686966698623,0.00371766180817783,0.00669162334263318,0.00834131036776868,0.00244137163546891,0.00359442119277003,104.01,0.0118732876712329
"105.01",0.00449763812817801,0.358965848628145,0.0342130236651416,0.0133577004683435,0.00325687415311671,0.259274164150675,0.000932700394252795,0.0029264584505698,0.00273910918042963,0.00104512276589055,0.00098242473875203,0.200463265874509,0.0214185705957878,0.168351968375691,0.125475750408169,0.00459542800632964,0.00181200614826518,0.0031365030958143,0.0023481245931563,0.00339229678570321,0.00396253813777778,0.00375543313710696,0.00673947841287732,0.00839508602548149,0.00244026507745692,0.00360029456548163,105.01,0.0119874429223744
"106.01",0.00456282597648736,0.358850012843426,0.0342235546480358,0.0134755574622283,0.00325479775670026,0.259141867160057,0.000932111323955276,0.00292700059290907,0.00273757849062763,0.00104478158223096,0.000982233720264691,0.200489180057082,0.0214093897988143,0.168297018018172,0.125457060805503,0.00459601436516392,0.00180904478336801,0.00313447368595121,0.00234841254404023,0.00338952919389714,0.00395634924281383,0.00379357670650409,0.00678778820995993,0.00844932885861443,0.00243915545088602,0.00360618954339906,106.01,0.012101598173516
"107.01",0.00462851174675756,0.358733482765965,0.0342340248741997,0.0135940542421677,0.00325271770427036,0.259009432365672,0.000931522949751273,0.00292754131170554,0.00273604848448727,0.00104444024026951,0.000982043141373734,0.200514826361386,0.021400192902714,0.168241799793711,0.125438216817229,0.00459658991504255,0.00180608196255079,0.00313243373738172,0.00234869715517552,0.00338674908521546,0.003950130536277,0.00383209245639999,0.00683655241829888,0.00850403742231105,0.00243804276639119,0.00361210619662371,107.01,0.0122157534246575
"108.01",0.00469469302015195,0.358616258689859,0.0342444341876369,0.0137131914478904,0.00325063400396799,0.258876860209361,0.000930935273855327,0.00292808060787666,0.00273451916349057,0.00104409873717479,0.000981852998918353,0.200540204180985,0.0213909799119848,0.168186313696475,0.125419218491098,0.00459715463869286,0.00180311779491946,0.00313038325624584,0.002348978417245,0.00338395652070549,0.00394388256821843,0.00387098032504338,0.00688577071625736,0.00855921025476962,0.0024369270346621,0.0036180445952934,108.01,0.0123299086757991
"109.01",0.0047613673860859,0.3584983409187,0.0342547824330728,0.0138329697156942,0.0032485466640332,0.258744151130665,0.000930348298469386,0.00292861848239172,0.00273299052911813,0.00104375707012123,0.000981663289726153,0.200565312911407,0.0213817508311804,0.168130559724322,0.12540006587631,0.00459770851897554,0.00180015238890927,0.0031283222490694,0.00234925632098923,0.00338115156187708,0.00393760588730367,0.00391024024889686,0.00693544277618878,0.00861484587742247,0.00243580826644718,0.00362400480960126,109.01,0.0124440639269406
"110.01",0.0048285324422759,0.358379729765526,0.0342650694559907,0.0139533896784753,0.00324645569279529,0.258611305566934,0.000929762025793313,0.00292915493625077,0.00273146258284156,0.00104341523628777,0.000981474010618233,0.200590151950166,0.0213725056649023,0.168074537878808,0.125380759023482,0.00459825153890749,0.0017971858522748,0.00312625072277215,0.00234953085720764,0.00337833427068981,0.00393130104072708,0.00394987216260898,0.00698556826444543,0.0086709427950981,0.00243468647255174,0.00362998690977734,110.01,0.0125582191780822
"111.01",0.00489618579483242,0.358260425552864,0.0342752951025588,0.0140744519656981,0.00324436109868333,0.258478323953317,0.000929176458017467,0.00292968997049057,0.00272993532612362,0.00104307323286328,0.000981285158406053,0.200614720696741,0.0213632444177727,0.168018248165196,0.125361297984631,0.00459878368163777,0.00179421829206279,0.00312416868466825,0.00234980201675432,0.00337550470955543,0.0039249685740524,0.00398987599901228,0.00703614684137841,0.00872749949617833,0.00243356166383744,0.00363599096611373,111.01,0.0126723744292237
"112.01",0.0049643250583526,0.35814042861269,0.0342854592196739,0.0141961572034059,0.00324226289021265,0.258345206722786,0.000928591597324924,0.00293022358620092,0.00272840876042164,0.00104273105704094,0.000981096729890019,0.200639018552634,0.021353967094456,0.167961690592437,0.125341682813221,0.00459930493046319,0.00179124981462038,0.00312207614245605,0.00235006979054404,0.00337266294132996,0.00391860903113486,0.00403025168911759,0.00708717816134279,0.00878451445273962,0.00243243385121499,0.00364201704893095,112.01,0.0127865296803653
"113.01",0.00503294785601474,0.358019739286385,0.0342955616549553,0.0143185060141511,0.00324016107600114,0.258211954306116,0.000928007445890633,0.00293075578450124,0.00272688288718934,0.00104238870602211,0.00098090872185872,0.200663044921377,0.0213446736996518,0.167904865173247,0.125321913564154,0.00459981526883215,0.00178828052559921,0.00311997310423693,0.00235033416954702,0.00336980902929751,0.00391222295398823,0.00407099916209726,0.00713866187273118,0.00884198612078582,0.00243130304565296,0.00364806522859265,113.01,0.0129006849315068
"114.01",0.00510205181961338,0.357898357924818,0.0343056022567831,0.0144414990170222,0.00323805566475759,0.258078567131889,0.000927424005882038,0.00293128656655159,0.00272535770786797,0.00104204617701613,0.000980721131093043,0.200686799208591,0.0213353642381035,0.167847771924056,0.125301990293741,0.00460031468033462,0.00178531052992672,0.00311785957850412,0.00235059514479206,0.00336694303718137,0.00390581088269801,0.00411211834527048,0.00719059761796941,0.00889991294038253,0.00243016925817241,0.00365413557549512,114.01,0.0130148401826484
"115.01",0.00517163458967516,0.357776284888317,0.0343155808742966,0.0145651368276263,0.00323594666528535,0.257945045626422,0.000926841279459412,0.00293181593355829,0.00272383322389287,0.0010417034672396,0.000980533954367879,0.20071028082193,0.0213260387146017,0.167790410865109,0.12528191305969,0.00460080314869604,0.00178233993181141,0.00311573557412816,0.00235085270737072,0.00336406502911715,0.00389937335529869,0.00415360916409779,0.00724298503355858,0.00895829333578511,0.00242903249984663,0.00366022816006883,115.01,0.01312899543379
"116.01",0.00524169381551689,0.35765352054666,0.0343254973573537,0.0146894200580637,0.00323383408647808,0.257811390213928,0.000926259268777097,0.00293234388676562,0.00272230943669585,0.00104136057391604,0.000980347188448794,0.200733489171192,0.0213166971339823,0.167732782020387,0.12526168192114,0.00460128065779788,0.00177936883474759,0.00311360110038637,0.00235110684842916,0.00336117506965481,0.003892910907688,0.00419547154216251,0.0072958237500607,0.00901712571567996,0.00242789278180049,0.00366634305278777,116.01,0.0132431506849315
"117.01",0.0053122271553157,0.357530065279086,0.0343353515565453,0.0148143493168982,0.00323171793732628,0.257677601316452,0.000925677975979533,0.00293287042745902,0.00272078634769859,0.00104101749427488,0.000980160830089649,0.200756423668233,0.0213073395011113,0.167674885417646,0.125241296938648,0.00460174719167237,0.00177639734148292,0.00311145616695263,0.00235135755918094,0.00335827322377322,0.00388642407351962,0.00423770540116375,0.00734911339213225,0.00907640847333424,0.00242675011521289,0.00367248032412957,117.01,0.0133573059360731
"118.01",0.00538323227618938,0.357405919474206,0.034345143323228,0.014939925209165,0.00322959822691267,0.257543679353822,0.000925097403203567,0.00293339555695302,0.00271926395831443,0.00104067422555418,0.000979974876036538,0.20077908372709,0.0212979658209033,0.167616721088412,0.125220758174187,0.00460220273450662,0.00177342555403068,0.00310930078388554,0.00235160483089458,0.00335535955684523,0.00387991338409488,0.00428031066091117,0.00740285357852417,0.00913613998677285,0.00242560451132279,0.00367864004460861,118.01,0.0134714611872146
"119.01",0.00545470685424101,0.35728108353019,0.0343548725095357,0.0150661483363345,0.00322747496441211,0.257409624743705,0.000924517552580206,0.0029339192766064,0.00271774226995967,0.00104033076499868,0.000979789323029312,0.200801468763924,0.0212885760983342,0.167558289068051,0.125200065691136,0.00460264727061901,0.00177045357366707,0.00310713496164994,0.0023518486549005,0.00335243413465653,0.00387337936828804,0.00432328723930615,0.00745704392211879,0.0091963186189177,0.00242445598141887,0.00368482228474225,119.01,0.0135856164383562
"120.01",0.00552664857463983,0.357155557854626,0.0343645389683505,0.0151930192963081,0.00322534815908606,0.257275437901597,0.000923938426229043,0.00293444158782554,0.0027162212840329,0.00103998710986526,0.000979604167797765,0.200823578197096,0.0212791703384089,0.167499589395743,0.125179219554285,0.00460308078447851,0.00176748150091233,0.00310495871109651,0.00235208902259418,0.00334949702335965,0.00386682255241708,0.00436663505232546,0.00751168402991294,0.00925694271782795,0.00242330453683035,0.00369102711509286,120.01,0.0136997716894977
"121.01",0.00559905513165597,0.357029342864478,0.034374142553308,0.0153205386833507,0.00322321782029924,0.257141119240796,0.000923360026265718,0.0029349624920451,0.00271470100192892,0.00103964325741086,0.000979419407064275,0.20084541144714,0.0212697485461777,0.167440622114501,0.125158219829806,0.00460350326072014,0.00176450943554236,0.00310277204346481,0.00235232592543713,0.00334654828950429,0.00386024346019729,0.00441035401401724,0.00756677350304631,0.00931801061685711,0.00242215018894305,0.00369725460619794,121.01,0.0138139269406393
"122.01",0.00567192422876017,0.356902438986194,0.0343836831188119,0.0154487070882024,0.00322108395749858,0.257006669172474,0.000922782354799656,0.00293548199074798,0.00271318142503896,0.00103929920490879,0.000979235037540938,0.20086696793683,0.0212603107267418,0.167381387271174,0.125137066585298,0.00460391468411956,0.00176153747656471,0.00310057497040321,0.00235255935494887,0.0033435880000207,0.00385364261260805,0.00445444403648028,0.00762231193683787,0.00937952063481604,0.00242099294919487,0.0037035048286395,122.01,0.0139280821917808
"123.01",0.00574525357863356,0.356774846655673,0.0343931605200252,0.0155775250978881,0.00321894658023094,0.256872088105591,0.000922205413930044,0.00293600008544983,0.00271166255474007,0.00103895494963497,0.000979051055935343,0.200888247091155,0.0212508568852393,0.167321884916418,0.125115759889731,0.0046043150396136,0.00175856572223347,0.00309836750395445,0.00235278930271408,0.00334061622221262,0.00384702052786123,0.00449890502986721,0.00767829892078211,0.00944147107620246,0.00241983282907987,0.00370977785297437,123.01,0.0140422374429224
"124.01",0.00581904090325285,0.356646566318192,0.0344025746128939,0.0157069932958248,0.00321680569813008,0.256737376446956,0.000921629205745522,0.00293651677770399,0.00271014439241175,0.00103861048887639,0.000978867458946597,0.200909248337414,0.0212413870268618,0.167262115104805,0.125094299813518,0.00460470431227944,0.0017555942700247,0.00309614965654854,0.00235301576038125,0.00333763302374694,0.00384037772126646,0.00454373690235399,0.00773473403857055,0.00950386023134713,0.00241866984013344,0.00371607374977783,124.01,0.0141563926940639
"125.01",0.00589328393391861,0.356517598428503,0.034411925254134,0.0158371122617584,0.00321466132091945,0.256602534601268,0.000921053732330979,0.0029370320691078,0.00270862693942142,0.00103826581992739,0.000978684243262684,0.20092997110512,0.0212319011568549,0.167202077894771,0.125072686428459,0.00460508248735534,0.00175262321665124,0.00309392144101328,0.00235323871966415,0.00333463847267428,0.00383371470518332,0.00458893956014814,0.00779161686808614,0.00956668637660125,0.0024175039939526,0.00372239258961768,125.01,0.0142705479452055
"126.01",0.00596798041131885,0.356387943450787,0.0344212123012762,0.015967882571737,0.00321251345841136,0.256467562971093,0.000920478995764773,0.00293754596128921,0.00270711019713084,0.00103792094008819,0.000978501405567034,0.200950414826103,0.0212223992805219,0.16714177334862,0.125050919807721,0.004605449550222,0.00174965265804996,0.00309168287057338,0.0023534581723448,0.00333163263737197,0.0038270319889248,0.00463451290745867,0.00784894698146807,0.00962994777454462,0.00241633530217269,0.00372873444305963,126.01,0.014384703196347
"127.01",0.00604312808555416,0.356257601858607,0.0344304356126139,0.0160993047981157,0.00321036212052241,0.25633246195682,0.000919904998113119,0.00293805845591977,0.00270559416688987,0.00103757584666881,0.000978318942540613,0.200970578934524,0.0212128814031921,0.167081201532538,0.125029000025854,0.00460580548642713,0.00174668268937341,0.00308943395884651,0.00235367411027252,0.00332861558656141,0.00382033007869838,0.00468045684647984,0.00790672394510998,0.00969364267416328,0.0024151637764759,0.00373509938064505,127.01,0.0144988584474886
"128.01",0.00611872471621497,0.356126574134938,0.0344395950472115,0.0162313795095363,0.0032082073172456,0.256197231956695,0.000919331741439167,0.0029385695547081,0.00270407885005115,0.00103723053698872,0.000978136850850286,0.200990462866877,0.0212033475302485,0.16702036251666,0.125006927158818,0.0046061502816801,0.00174371340499411,0.00308717471984774,0.00235388652536128,0.00332558738932736,0.00381360947751104,0.00472677127740246,0.00796494731964092,0.00975776931105472,0.00241398942860138,0.00374148747292058,128.01,0.0146130136986301
"129.01",0.00619476807239709,0.355994860772182,0.0344486904649256,0.0163641072708844,0.00320604905866877,0.256061873366857,0.00091875922779705,0.002939079259398,0.00270256424795858,0.00103688500837471,0.000977955127155861,0.201010066062004,0.0211937976671378,0.166959256375012,0.124984701283968,0.00460648392183713,0.00174074489849669,0.00308490516799056,0.00235409540958944,0.00332254811508004,0.00380687068510053,0.00477345609838191,0.0080236166599718,0.00982232590759393,0.00241281227032679,0.00374789879040807,129.01,0.0147271689497717
"130.01",0.00627125593274538,0.355862462272129,0.034457721726425,0.0164974886432734,0.00320388735496551,0.255926386581293,0.000918187459231312,0.00293958757177577,0.00270105036194463,0.00103653925816325,0.000977773768112567,0.201029387961117,0.0211842318193531,0.166897883185541,0.124962322480025,0.00460680639291222,0.00173777726266733,0.00308262531808019,0.00235430075500083,0.00331949783355929,0.00380011419789987,0.00482051120553753,0.00808273151532144,0.00988731067313968,0.00241163231348565,0.00375433340359967,130.01,0.0148413242009132
"131.01",0.00634818608549457,0.355729379145922,0.0344666886931789,0.0166315241840441,0.00320172221640114,0.25579077199187,0.000917616437780655,0.00294009449365897,0.00269953719333744,0.00103619328370093,0.000977592770369284,0.201048428007834,0.0211746499924309,0.166836243030128,0.124939790827094,0.00460711768106798,0.00173481058950715,0.00308033518531563,0.00235450255372076,0.00331643661482401,0.00379334050893558,0.00486793649292006,0.0081422914292353,0.00995272180422675,0.00241044956995715,0.00376079138297307,131.01,0.0149554794520548
"132.01",0.00642555632850252,0.355595611914152,0.0344755912274265,0.0167662144467297,0.00319955365332989,0.255655029988329,0.000917046165475077,0.002940600026903,0.00269802474345697,0.00103584708234301,0.000977412130570299,0.201067185648245,0.0211650521919744,0.166774335994613,0.124917106406626,0.00460741777263283,0.00173184497022392,0.00307803478529025,0.00235470079793054,0.00331336452924071,0.00378655010776419,0.00491573185251961,0.00820229593959154,0.0100185574847942,0.00240926405166351,0.00376727279897207,132.01,0.0150696347031963
"133.01",0.00650336446928348,0.355461161106805,0.0344844291922338,0.0169015599810407,0.00319738167619026,0.25551916095831,0.00091647664433685,0.0029411041734025,0.00269651301361815,0.00103550065145077,0.000977231845351345,0.201085660330833,0.02115543842363,0.16671216216876,0.124894269301486,0.00460770665410359,0.00172888049521907,0.00307572413399901,0.0023548954798847,0.00331028164750509,0.00377974348043779,0.00496389717424806,0.00826274457860001,0.0100848158863471,0.00240807577057789,0.00377377772200322,133.01,0.0151837899543379
"134.01",0.0065816083250321,0.355326027263169,0.0344932024514504,0.0170375613328337,0.00319520629552044,0.255383165287359,0.000915907876383448,0.00294160693508836,0.002695002005129,0.00103515398839691,0.000977051911341187,0.201103851506522,0.0211458086931052,0.16664972164632,0.1248712795959,0.00460798431212639,0.00172591725409856,0.00307340324782079,0.00235508659190606,0.00330718804060517,0.00377292110943981,0.00501243234592299,0.00832363687283941,0.0101514951680971,0.00240688473871691,0.00378030622243088,134.01,0.0152979452054795
"135.01",0.00666028572264981,0.355190210931899,0.034501910869749,0.0171742190441,0.00319302752193433,0.255247043358905,0.000915339863621045,0.00294210831392912,0.00269349171928928,0.00103480709056267,0.000976872325161993,0.201121758628699,0.0211361630061587,0.166587014525015,0.12484813737547,0.0046082507335073,0.00172295533565532,0.00307107214354141,0.00235527412639209,0.00330408377981763,0.00376608347358922,0.00506133725324891,0.00838497234330302,0.0102185934772997,0.00240569096814252,0.0037868583705807,135.01,0.015412100456621
"136.01",0.00673939449878096,0.355053712671057,0.034510554312612,0.0173115336529611,0.00319084536613945,0.25511079555426,0.00091477260804973,0.00294260831192488,0.00269198215739417,0.00103445995533933,0.000976693083432423,0.201139381153306,0.021126501368592,0.16652404090656,0.124824842727164,0.0046085059052219,0.00171999482788092,0.00306873083832773,0.00235545807580695,0.00330096893672347,0.00375923104802349,0.00511061177982692,0.00844675050539285,0.0102861089493597,0.00240449447096187,0.00379343423673704,136.01,0.0155262557077626
"137.01",0.00681893249983059,0.354916533048009,0.0345191326463348,0.0174495056936039,0.00318865983893082,0.254974422252703,0.000914206111662019,0.00294310693111628,0.00269047332073316,0.00103411258012538,0.000976514182763299,0.201156718538797,0.0211168237862932,0.166460800896625,0.124801395739283,0.00460874981439903,0.00171703581795997,0.00306637934974983,0.00235563843269195,0.00329784358317768,0.00375236430415631,0.00516025580710864,0.008508970868919,0.0103540397080404,0.00240329525932674,0.00380003389112351,137.01,0.0156404109589041
"138.01",0.00689889758199063,0.354778672639487,0.0345276457380408,0.0175881356962845,0.00318647095119231,0.254837923831399,0.00091364037644357,0.00294360417357831,0.00268896521058977,0.00103376496233125,0.000976335619764823,0.201173770246126,0.0211071302651867,0.166397294604909,0.124777796501504,0.00460898244833023,0.00171407839225397,0.00306401769577169,0.00235581518965338,0.0032947077913178,0.00374548370959653,0.00521026921440553,0.00857163293815333,0.0104223838656453,0.00240209334543169,0.00380665740391219,138.01,0.0157545662100457
"139.01",0.00697928761126638,0.354640132031534,0.0345360934556342,0.0177274241873179,0.00318427871389033,0.2547013006654,0.000913075404370844,0.00294410004142038,0.00268745782823747,0.00103341709937861,0.00097615739103567,0.201190535738831,0.0210974208112545,0.166333522145127,0.12475404510488,0.00460920379446879,0.00171112263632933,0.00306164589473137,0.0023559883393697,0.00329156163354685,0.00373858972809851,0.00526065187887224,0.00863473621182953,0.0104911395232709,0.002400888741519,0.00381330484520825,139.01,0.0158687214611872
"140.01",0.00706010046347727,0.354500911819535,0.0345444756678774,0.0178673716890346,0.00318208313807662,0.254564553127716,0.000912511197410781,0.00294459453678739,0.00268595117494153,0.00103306898869546,0.000975979493173451,0.201207014483008,0.0210876954305301,0.166269483634991,0.124730141641806,0.00460941384044127,0.0017081686349252,0.00305926396537113,0.00235615787459775,0.00328840518252873,0.00373168281955398,0.00531140367549006,0.00869828018317247,0.0105603047709956,0.00239968145987171,0.00381997628504882,140.01,0.0159828767123288
"141.01",0.00714133402428625,0.354361012608175,0.0345527922443479,0.0180079787197473,0.00317988423489057,0.254427681589243,0.000911947757525655,0.00294508766185952,0.00268444525196589,0.00103272062771633,0.000975801922767538,0.201223205947399,0.0210779541291383,0.166205179196226,0.124706086206014,0.00460961257402557,0.00170521647197155,0.00305687192683386,0.00235632378816668,0.00328523851119,0.00372476343992503,0.0053625244770539,0.00876226433990468,0.0106298776880426,0.00239847151281294,0.00382667179340703,141.01,0.0160970319634703
"142.01",0.00722298618921695,0.354220435011377,0.0345610430554516,0.0181492457937313,0.00317768201555568,0.254290686418868,0.000911385086669014,0.00294557941885174,0.00268294006056482,0.00103237201389013,0.000975624676406128,0.201239109603334,0.021068196913224,0.166140608954635,0.124681878892578,0.00460979998317295,0.00170226623058645,0.00305446979864841,0.00235648607298202,0.00328206169270739,0.00371783204120044,0.00541401415417058,0.00882668816429528,0.0106998563430538,0.00239725891271578,0.00383339144017396,142.01,0.0162111872146119
"143.01",0.00730505486365551,0.354079179652414,0.0345692279724146,0.0182911734212666,0.0031754764913855,0.254153567983413,0.000910823186788678,0.00294606981001286,0.00268143560198617,0.00103202314467778,0.00097544775066698,0.201254724924766,0.0210584237890049,0.166075773039983,0.12465751979793,0.00460997605600741,0.00169931799305161,0.00305205760072793,0.002356644722019,0.00327887480051492,0.00371088907136594,0.00546587257522251,0.00889155113314406,0.0107702387942156,0.0023960436719928,0.00384013529517537,143.01,0.0163253424657534
"144.01",0.00738753796286158,0.353937247163865,0.0345773468672987,0.0184337621085203,0.00317326767377093,0.254016326647653,0.000910262059820677,0.00294655883762474,0.00267993187747808,0.00103167401754707,0.000975271142127543,0.201270051388317,0.0210486347627654,0.166010671586162,0.124633009019856,0.0046101407808077,0.00169637184084208,0.00304963535337213,0.00235679972833116,0.00327567790827141,0.00370393497435182,0.00551809960637457,0.00895685271781519,0.0108410230895352,0.00239482580309114,0.00384690342814151,144.01,0.016439497716895
"145.01",0.00747043341197233,0.353794638187516,0.0345853996130166,0.0185770123575778,0.00317105557419268,0.25387896277433,0.000909701707697796,0.0029470465040035,0.00267842888827585,0.00103132462997539,0.000975094847362978,0.201285088473303,0.0210388298408567,0.16594530473108,0.124608346657469,0.00461029414601781,0.00169342785461026,0.003047203077271,0.00235695108504437,0.00327247108986839,0.00369697019001893,0.00557069511154931,0.0090225923842838,0.010912207266991,0.00239360531850361,0.00385369590870477,145.01,0.0165536529680365
"146.01",0.00755373914604085,0.353651353374437,0.0345933860832939,0.0187209246663947,0.00316884020420931,0.253741476724122,0.000909142132343033,0.00294753281150124,0.00267692663560526,0.00103097497945179,0.000974918862940477,0.201299835661741,0.0210290090296744,0.165879672616717,0.124583532811208,0.00461043614026009,0.00169048611419089,0.00304476079350409,0.00235709878535897,0.00326925441941761,0.00368999515412933,0.00562365895241173,0.00908876959312752,0.0109837893547603,0.00239238223076281,0.00386051280639523,146.01,0.0166678082191781
"147.01",0.00763745311002801,0.353507393384894,0.0346013061526994,0.018865499528768,0.00316662157546612,0.253603868855687,0.000908583335670921,0.00294801776250302,0.00267542512069099,0.00103062506347655,0.00097474318542432,0.201314292438323,0.0210191723356886,0.165813775389122,0.124558567582854,0.00461056675232068,0.00168754669859257,0.00304230852354488,0.00235724282255783,0.00326602797126205,0.00368301029829086,0.00567699098837906,0.00915538379955647,0.0110557673714351,0.00239115655244608,0.00386735419066115,147.01,0.0167819634703196
"148.01",0.00772157325877485,0.353362758888426,0.0346091596966464,0.0190107374343434,0.00316439969969688,0.253466139525673,0.000908025319588779,0.00294850135942533,0.00267392434474829,0.0010302748795592,0.000974567811375171,0.201328458290517,0.0210093197654346,0.165747613198413,0.124533451075525,0.0046106859711484,0.00168460968600357,0.0030398462892496,0.00235738318999892,0.00326279181996127,0.00367601604994368,0.00573069107657718,0.00922243445342912,0.0111281393262348,0.00238992829616436,0.00387422013084584,148.01,0.0168961187214612
"149.01",0.0078060975570448,0.35321745056382,0.0346169465913982,0.0191566388685671,0.00316217458871197,0.253328289088679,0.000907468085997554,0.00294898360471618,0.00267242430899111,0.00102992442521952,0.000974392737347318,0.201342332708505,0.0209994513255093,0.165681186198797,0.124508183393664,0.00461079378586335,0.00168167515379241,0.00303737411286713,0.0023575198811111,0.00325954604025569,0.00366901283234278,0.00578475907183846,0.00928992099927697,0.0112009032191802,0.00238869747457091,0.0038811106961717,149.01,0.0170102739726027
"150.01",0.0078910239795057,0.353071469099008,0.0346246667140671,0.0193032043126589,0.00315994625440656,0.253190317897347,0.000906911636787822,0.00294946450085922,0.00267092501462325,0.00102957369798586,0.000974217959895562,0.201355915185296,0.0209895670225827,0.165614494548555,0.124482764642992,0.00461089018576257,0.00167874317850936,0.00303489201702001,0.00235765288940846,0.00325629070709375,0.00366200106451597,0.00583919482669346,0.00935784287633339,0.011274057041323,0.00238746410036097,0.00388802595574176,150.01,0.0171244292237443
