element_id,sbml_type,element_name,unit,annotation_type,qualifier,URI,remark
substanceUnits,document,model substances unit,,,,,
extentUnits,document,model extent unit,,,,,
timeUnits,document,model time unit,,,,,
volumeUnits,document,model volume unit,,,,,
Intestine_lumen,compartment,intestine lumen,L,rdf,BQM_IS,http://purl.obolibrary.org/obo/PBPKO_00478,
Intestine_tissue,compartment,intestine tissue,L,rdf,BQM_IS,http://purl.obolibrary.org/obo/PBPKO_00477,
Liver_extracellular,compartment,liver extracellular,L,rdf,BQM_IS,http://purl.obolibrary.org/obo/PBPKO_00558,
Liver_intracellular,compartment,liver intracellular,L,rdf,BQM_IS,http://purl.obolibrary.org/obo/PBPKO_00558,
Plasma,compartment,blood plasma,L,rdf,BQM_IS,http://purl.obolibrary.org/obo/PBPKO_00488,
Kidney_proximal_tubule_tissue,compartment,kidney proximal tubule tissue,L,rdf,BQM_IS,http://purl.obolibrary.org/obo/PBPKO_00557,
Kidney_proximal_tubule_lumen,compartment,kidney proximal tubule lumen,L,rdf,BQM_IS,http://purl.obolibrary.org/obo/PBPKO_00557,
Kidney_rest_tissue,compartment,kidney rest of kidney tissue,L,rdf,BQM_IS,http://purl.obolibrary.org/obo/PBPKO_00557,
Kidney_rest_lumen,compartment,kidney rest of kidney lumen,L,rdf,BQM_IS,http://purl.obolibrary.org/obo/PBPKO_00557,
Adipose,compartment,adipose,L,rdf,BQM_IS,http://purl.obolibrary.org/obo/PBPKO_00460,
Rest,compartment,rest-of-body,L,rdf,BQM_IS,http://purl.obolibrary.org/obo/PBPKO_00450,
Feces,compartment,feces,L,rdf,BQM_IS,http://purl.obolibrary.org/obo/PBPKO_00555,
Urine,compartment,urine,L,rdf,BQM_IS,http://purl.obolibrary.org/obo/PBPKO_00556,
Menstrual,compartment,menstrual plasma,L,rdf,BQM_IS,,
AIntestine_lumen,species,amount of chemical in intestinal lumen,ug,rdf,BQM_IS,http://purl.obolibrary.org/obo/PBPKO_00496,
AIntestine_lumen,species,,,rdf,BQB_IS,http://purl.obolibrary.org/obo/CHEBI_35549,
AIntestine_tissue,species,amount of chemical in intestinal tissue,ug,rdf,BQM_IS,http://purl.obolibrary.org/obo/PBPKO_00496,
AIntestine_tissue,species,,,rdf,BQB_IS,http://purl.obolibrary.org/obo/CHEBI_35549,
ALiver_extracellular,species,amount of chemical in liver extracellular,ug,rdf,BQM_IS,http://purl.obolibrary.org/obo/PBPKO_00497,
ALiver_extracellular,species,,,rdf,BQB_IS,http://purl.obolibrary.org/obo/CHEBI_35549,
ALiver_intracellular,species,amount of chemical in liver intracellular,ug,rdf,BQM_IS,http://purl.obolibrary.org/obo/PBPKO_00497,
ALiver_intracellular,species,,,rdf,BQB_IS,http://purl.obolibrary.org/obo/CHEBI_35549,
APlasma,species,amount of chemical in plasma,ug,rdf,BQM_IS,http://purl.obolibrary.org/obo/PBPKO_00502,
APlasma,species,,,rdf,BQB_IS,http://purl.obolibrary.org/obo/CHEBI_35549,
AKidney_proximal_tubule_tissue,species,amount of chemical in kidney tubule tissue,ug,rdf,BQM_IS,http://purl.obolibrary.org/obo/PBPKO_00498,
AKidney_proximal_tubule_tissue,species,,,rdf,BQB_IS,http://purl.obolibrary.org/obo/CHEBI_35549,
AKidney_proximal_tubule_lumen,species,amount of chemical in kidney tubule lumen,ug,rdf,BQM_IS,http://purl.obolibrary.org/obo/PBPKO_00498,
AKidney_proximal_tubule_lumen,species,,,rdf,BQB_IS,http://purl.obolibrary.org/obo/CHEBI_35549,
AKidney_rest_tissue,species,amount of chemical in rest kidney tissue,ug,rdf,BQM_IS,http://purl.obolibrary.org/obo/PBPKO_00498,
AKidney_rest_tissue,species,,,rdf,BQB_IS,http://purl.obolibrary.org/obo/CHEBI_35549,
AKidney_rest_lumen,species,amount of chemical in rest kidney lumen,ug,rdf,BQM_IS,http://purl.obolibrary.org/obo/PBPKO_00498,
AKidney_rest_lumen,species,,,rdf,BQB_IS,http://purl.obolibrary.org/obo/CHEBI_35549,
AAdipose,species,amount of chemical in adipose,ug,rdf,BQM_IS,http://purl.obolibrary.org/obo/PBPKO_00550,
AAdipose,species,,,rdf,BQB_IS,http://purl.obolibrary.org/obo/CHEBI_35549,
ARest,species,amount of chemical in rest-of-body,ug,rdf,BQM_IS,http://purl.obolibrary.org/obo/PBPKO_00501,
ARest,species,,,rdf,BQB_IS,http://purl.obolibrary.org/obo/CHEBI_35549,
AFeces,species,cumulative amount of chemical in feces,ug,rdf,BQM_IS,http://purl.obolibrary.org/obo/PBPKO_00273,
AFeces,species,,,rdf,BQB_IS,http://purl.obolibrary.org/obo/CHEBI_35549,
AUrine,species,cumulative amount of chemical in urine,ug,rdf,BQM_IS,http://purl.obolibrary.org/obo/PBPKO_00272,
AUrine,species,,,rdf,BQB_IS,http://purl.obolibrary.org/obo/CHEBI_35549,
AMenstrual,species,cumulative amount of chemical in menstrual plasma,ug,rdf,BQM_IS,,
AMenstrual,species,,,rdf,BQB_IS,http://purl.obolibrary.org/obo/CHEBI_35549,
VIntestine_lumen,parameter,volume of intestine lumen,L,rdf,BQM_IS,http://purl.obolibrary.org/obo/PBPKO_00524,
VIntestine_lumen,parameter,,,rdf,BQB_IS,,
VIntestine_tissue,parameter,volume of intestine tissue,L,rdf,BQM_IS,http://purl.obolibrary.org/obo/PBPKO_00524,
VIntestine_tissue,parameter,,,rdf,BQB_IS,,
VLiver_extracellular,parameter,volume of liver extracellular,L,rdf,BQM_IS,http://purl.obolibrary.org/obo/PBPKO_00077,
VLiver_extracellular,parameter,,,rdf,BQB_IS,,
VLiver_intracellular,parameter,volume of liver intracellular,L,rdf,BQM_IS,http://purl.obolibrary.org/obo/PBPKO_00077,
VLiver_intracellular,parameter,,,rdf,BQB_IS,,
VPlasma,parameter,volume of plasma,L,rdf,BQM_IS,http://purl.obolibrary.org/obo/PBPKO_00103,
VPlasma,parameter,,,rdf,BQB_IS,,
VKidney_proximal_tubule_tissue,parameter,volume of kidney proximal tubule tissue,L,rdf,BQM_IS,http://purl.obolibrary.org/obo/PBPKO_00079,
VKidney_proximal_tubule_tissue,parameter,,,rdf,BQB_IS,,
VKidney_proximal_tubule_lumen,parameter,volume of kidney proximal tubule lumen,L,rdf,BQM_IS,http://purl.obolibrary.org/obo/PBPKO_00079,
VKidney_proximal_tubule_lumen,parameter,,,rdf,BQB_IS,,
VKidney_rest_tissue,parameter,volume of rest of kidney tissue,L,rdf,BQM_IS,http://purl.obolibrary.org/obo/PBPKO_00079,
VKidney_rest_tissue,parameter,,,rdf,BQB_IS,,
VKidney_rest_lumen,parameter,volume of rest of kidney lumen,L,rdf,BQM_IS,http://purl.obolibrary.org/obo/PBPKO_00079,
VKidney_rest_lumen,parameter,,,rdf,BQB_IS,,
VAdipose,parameter,volume of adipose tissue,L,rdf,BQM_IS,http://purl.obolibrary.org/obo/PBPKO_00085,
VAdipose,parameter,,,rdf,BQB_IS,,
VRest,parameter,volume of restbody,L,rdf,BQM_IS,http://purl.obolibrary.org/obo/PBPKO_00105,
VRest,parameter,,,rdf,BQB_IS,,
BW,parameter,body weight,L,rdf,BQM_IS,http://purl.obolibrary.org/obo/PBPKO_00008,
BW,parameter,,,rdf,BQB_IS,,
QC,parameter,Plasma cardiac output,L/d,rdf,BQM_IS,http://purl.obolibrary.org/obo/PBPKO_00528,
QC,parameter,,,rdf,BQB_IS,,
HCT,parameter,hematocrit,UNITLESS,rdf,BQM_IS,http://purl.obolibrary.org/obo/PBPKO_00527,
HCT,parameter,,,rdf,BQB_IS,,
VIntestine_lumenc,parameter,volume fraction of intestine lumen,UNITLESS,rdf,BQM_IS,http://purl.obolibrary.org/obo/PBPKO_00070,
VIntestine_lumenc,parameter,,,rdf,BQB_IS,,
VIntestine_tissuec,parameter,volume fraction of intestine tissue,UNITLESS,rdf,BQM_IS,http://purl.obolibrary.org/obo/PBPKO_00070,
VIntestine_tissuec,parameter,,,rdf,BQB_IS,,
QIntestine,parameter,plasma flow to intestine,L/d,rdf,BQM_IS,http://purl.obolibrary.org/obo/PBPKO_00531,
QIntestine,parameter,,,rdf,BQB_IS,,
QIntestinec,parameter,Blood flow fraction to intestine tissue,UNITLESS,rdf,BQM_IS,http://purl.obolibrary.org/obo/PBPKO_00017,
QIntestinec,parameter,,,rdf,BQB_IS,,
VKidney,parameter,volume of kidney,L,rdf,BQM_IS,http://purl.obolibrary.org/obo/PBPKO_00079,
VKidney,parameter,,,rdf,BQB_IS,,
VKidneyc,parameter,volume fraction of kidney,UNITLESS,rdf,BQM_IS,http://purl.obolibrary.org/obo/PBPKO_00080,
VKidneyc,parameter,,,rdf,BQB_IS,,
QKidney,parameter,plasma flow to kidney,L/d,rdf,BQM_IS,http://purl.obolibrary.org/obo/PBPKO_00026,
QKidney,parameter,,,rdf,BQB_IS,,
QKidneyc,parameter,blood fraction to kidney,UNITLESS,rdf,BQM_IS,http://purl.obolibrary.org/obo/PBPKO_00027,
QKidneyc,parameter,,,rdf,BQB_IS,,
VAdiposec,parameter,volume fraction of adipose tissue,UNITLESS,rdf,BQM_IS,http://purl.obolibrary.org/obo/PBPKO_00086,
VAdiposec,parameter,,,rdf,BQB_IS,,
MAc,parameter,Adipose mass,UNITLESS,rdf,BQM_IS,http://purl.obolibrary.org/obo/PBPKO_00086,
MAc,parameter,,,rdf,BQB_IS,,
VAdrenalc,parameter,volume fraction of adrenal,UNITLESS,rdf,BQM_IS,,
VAdrenalc,parameter,,,rdf,BQB_IS,,
VBonec,parameter,volume fraction of bone,UNITLESS,rdf,BQM_IS,http://purl.obolibrary.org/obo/PBPKO_00092,
VBonec,parameter,,,rdf,BQB_IS,,
VBonenonperfusedc,parameter,volution fraction of bone perfused,UNITLESS,rdf,BQM_IS,,
VBonenonperfusedc,parameter,,,rdf,BQB_IS,,
VBrainc,parameter,volume fraction of brain,UNITLESS,rdf,BQM_IS,http://purl.obolibrary.org/obo/PBPKO_00094,
VBrainc,parameter,,,rdf,BQB_IS,,
VBreastc,parameter,volume fraction of breast,UNITLESS,rdf,BQM_IS,,
VBreastc,parameter,,,rdf,BQB_IS,,
VHeartc,parameter,volume fraction of heart,UNITLESS,rdf,BQM_IS,http://purl.obolibrary.org/obo/PBPKO_00084,
VHeartc,parameter,,,rdf,BQB_IS,,
VMarrowc,parameter,volume fraction of marrow,UNITLESS,rdf,BQM_IS,,
VMarrowc,parameter,,,rdf,BQB_IS,,
VMusclec,parameter,volume fraction of muscle,UNITLESS,rdf,BQM_IS,http://purl.obolibrary.org/obo/PBPKO_00082,
VMusclec,parameter,,,rdf,BQB_IS,,
VGonadc,parameter,volume fraction of gonads,UNITLESS,rdf,BQM_IS,http://purl.obolibrary.org/obo/PBPKO_00088,
VGonadc,parameter,,,rdf,BQB_IS,,
VPancreasc,parameter,volume fraction of pancreas,UNITLESS,rdf,BQM_IS,http://purl.obolibrary.org/obo/PBPKO_00076,
VPancreasc,parameter,,,rdf,BQB_IS,,
VSkinc,parameter,volume fraction of skin,UNITLESS,rdf,BQM_IS,http://purl.obolibrary.org/obo/PBPKO_00090,
VSkinc,parameter,,,rdf,BQB_IS,,
VSpleenc,parameter,volume fraction of spleen,UNITLESS,rdf,BQM_IS,http://purl.obolibrary.org/obo/PBPKO_00095,
VSpleenc,parameter,,,rdf,BQB_IS,,
VThyroidc,parameter,volume fraction of thyroid,UNITLESS,rdf,BQM_IS,,
VThyroidc,parameter,,,rdf,BQB_IS,,
VUrinarytractc,parameter,volume fraction of urinary tract,UNITLESS,rdf,BQM_IS,http://purl.obolibrary.org/obo/PBPKO_00508,
VUrinarytractc,parameter,,,rdf,BQB_IS,,
VLungc,parameter,volume fraction of lung,UNITLESS,rdf,BQM_IS,http://purl.obolibrary.org/obo/PBPKO_00098,
VLungc,parameter,,,rdf,BQB_IS,,
VStomachc,parameter,volume fraction of stomach,UNITLESS,rdf,BQM_IS,http://purl.obolibrary.org/obo/PBPKO_00068,
VStomachc,parameter,,,rdf,BQB_IS,,
VLiverc,parameter,volume fraction of liver,UNITLESS,rdf,BQM_IS,http://purl.obolibrary.org/obo/PBPKO_00078,
VLiverc,parameter,,,rdf,BQB_IS,,
VBloodc,parameter,volume fraction of blood,UNITLESS,rdf,BQM_IS,http://purl.obolibrary.org/obo/PBPKO_00627,
VBloodc,parameter,,,rdf,BQB_IS,,
QAdipose,parameter,plasma flow to adipose,L/d,rdf,BQM_IS,http://purl.obolibrary.org/obo/PBPKO_00032,
QAdipose,parameter,,,rdf,BQB_IS,,
QAdiposec,parameter,blood fraction to adipose tissue,UNITLESS,rdf,BQM_IS,http://purl.obolibrary.org/obo/PBPKO_00033,
QAdiposec,parameter,,,rdf,BQB_IS,,
VLiver,parameter,volume of liver,L,rdf,BQM_IS,http://purl.obolibrary.org/obo/PBPKO_00077,
VLiver,parameter,,,rdf,BQB_IS,,
QRest,parameter,plasma flow to rest of the body,L/d,rdf,BQM_IS,http://purl.obolibrary.org/obo/PBPKO_00050,
QRest,parameter,,,rdf,BQB_IS,,
QLiver,parameter,plasma flow to liver,L/d,rdf,BQM_IS,http://purl.obolibrary.org/obo/PBPKO_00024,
QLiver,parameter,,,rdf,BQB_IS,,
QLiverc,parameter,blood fraction to liver,UNITLESS,rdf,BQM_IS,http://purl.obolibrary.org/obo/PBPKO_00025,
QLiverc,parameter,,,rdf,BQB_IS,,
PIntestine,parameter,Partition coefficient plasma / intestine tissue,UNITLESS,rdf,BQM_IS,http://purl.obolibrary.org/obo/PBPKO_00168,
PIntestine,parameter,,,rdf,BQB_IS,http://purl.obolibrary.org/obo/CHEBI_35549,
PKidney,parameter,Partition coefficient plasma / kidney,UNITLESS,rdf,BQM_IS,http://purl.obolibrary.org/obo/PBPKO_00171,
PKidney,parameter,,,rdf,BQB_IS,http://purl.obolibrary.org/obo/CHEBI_35549,
PLiver,parameter,Partition coefficient plasma / liver,UNITLESS,rdf,BQM_IS,http://purl.obolibrary.org/obo/PBPKO_00170,
PLiver,parameter,,,rdf,BQB_IS,http://purl.obolibrary.org/obo/CHEBI_35549,
PAdipose,parameter,Partition coefficient plasma / adipose,UNITLESS,rdf,BQM_IS,http://purl.obolibrary.org/obo/PBPKO_00174,
PAdipose,parameter,,,rdf,BQB_IS,http://purl.obolibrary.org/obo/CHEBI_35549,
PRest,parameter,Partition coefficient plasma / Restbody,UNITLESS,rdf,BQM_IS,http://purl.obolibrary.org/obo/PBPKO_00518,
PRest,parameter,,,rdf,BQB_IS,http://purl.obolibrary.org/obo/CHEBI_35549,
kabs,parameter,Intestinal absorption,L/d,rdf,BQM_IS,http://purl.obolibrary.org/obo/PBPKO_00142,
kabs,parameter,,,rdf,BQB_IS,http://purl.obolibrary.org/obo/CHEBI_35549,
VmaxOATP2B1,parameter,Limiting rate of OAT P2B1,ug/d,rdf,BQM_IS,http://purl.obolibrary.org/obo/PBPKO_00592,
VmaxOATP2B1,parameter,,,rdf,BQB_IS,http://purl.obolibrary.org/obo/CHEBI_35549,
VmaxOATP2B1c,parameter,Limiting rate of OAT P2B1 relativized by intestinal lumen volume,,rdf,BQM_IS,http://purl.obolibrary.org/obo/PBPKO_00306,
VmaxOATP2B1c,parameter,,,rdf,BQB_IS,http://purl.obolibrary.org/obo/CHEBI_35549,
Km_OATP2B1,parameter,Michaelis-Menten constant,ug/L,rdf,BQM_IS,http://purl.obolibrary.org/obo/PBPKO_00307,
Km_OATP2B1,parameter,,,rdf,BQB_IS,http://purl.obolibrary.org/obo/CHEBI_35549,
Vmax_OATP1B1,parameter,Limiting rate of OAT P1B1,ug/d,rdf,BQM_IS,http://purl.obolibrary.org/obo/PBPKO_00593,
Vmax_OATP1B1,parameter,,,rdf,BQB_IS,http://purl.obolibrary.org/obo/CHEBI_35549,
Vmax_OATP1B1c,parameter,Limiting rate of OAT P1B1 relativized by extracellular liver,,rdf,BQM_IS,http://purl.obolibrary.org/obo/PBPKO_00304,
Vmax_OATP1B1c,parameter,,,rdf,BQB_IS,http://purl.obolibrary.org/obo/CHEBI_35549,
Km_OATP1B1,parameter,Michaelis_Menten constant,ug/L,rdf,BQM_IS,http://purl.obolibrary.org/obo/PBPKO_00305,
Km_OATP1B1,parameter,,,rdf,BQB_IS,http://purl.obolibrary.org/obo/CHEBI_35549,
Vmax_OATP1B3,parameter,Limiting rate of OAT P1B3,ug/d,rdf,BQM_IS,http://purl.obolibrary.org/obo/PBPKO_00593,
Vmax_OATP1B3,parameter,,,rdf,BQB_IS,http://purl.obolibrary.org/obo/CHEBI_35549,
Vmax_OATP1B3c,parameter,Limiting rate of OAT P1B3 relativized by extracellular liver,,rdf,BQM_IS,http://purl.obolibrary.org/obo/PBPKO_00304,
Vmax_OATP1B3c,parameter,,,rdf,BQB_IS,http://purl.obolibrary.org/obo/CHEBI_35549,
Km_OATP1B3,parameter,Michaelis_Menten constant,ug/L,rdf,BQM_IS,http://purl.obolibrary.org/obo/PBPKO_00305,
Km_OATP1B3,parameter,,,rdf,BQB_IS,http://purl.obolibrary.org/obo/CHEBI_35549,
Vmax_OAT4,parameter,Limiting rate of OAT4,ug/d,rdf,BQM_IS,http://purl.obolibrary.org/obo/PBPKO_00592,
Vmax_OAT4,parameter,,,rdf,BQB_IS,http://purl.obolibrary.org/obo/CHEBI_35549,
Vmax_OAT4c,parameter,Limiting rate of OAT4 relativized by kidney proximal tubule,,rdf,BQM_IS,http://purl.obolibrary.org/obo/PBPKO_00306,
Vmax_OAT4c,parameter,,,rdf,BQB_IS,http://purl.obolibrary.org/obo/CHEBI_35549,
Km_OAT4,parameter,Michaelis-Menten constant,ug/L,rdf,BQM_IS,http://purl.obolibrary.org/obo/PBPKO_00307,
Km_OAT4,parameter,,,rdf,BQB_IS,http://purl.obolibrary.org/obo/CHEBI_35549,
Vmax_BSEP,parameter,Limiting rate of BSEP,ug/d,rdf,BQM_IS,http://purl.obolibrary.org/obo/PBPKO_00592,
Vmax_BSEP,parameter,,,rdf,BQB_IS,http://purl.obolibrary.org/obo/CHEBI_35549,
Vmax_BSEPc,parameter,Limiting rate of BSEP relativized by liver intracellular,,rdf,BQM_IS,http://purl.obolibrary.org/obo/PBPKO_00306,
Vmax_BSEPc,parameter,,,rdf,BQB_IS,http://purl.obolibrary.org/obo/CHEBI_35549,
Km_BSEP,parameter,Michaelis-Menten constant,ug/L,rdf,BQM_IS,http://purl.obolibrary.org/obo/PBPKO_00307,
Km_BSEP,parameter,,,rdf,BQB_IS,http://purl.obolibrary.org/obo/CHEBI_35549,
CL_menses,parameter,Plasma menstrual loss,L/d,rdf,BQM_IS,,
CL_menses,parameter,,,rdf,BQB_IS,,
GFR,parameter,glomerular filtration rate,L/d,rdf,BQM_IS,http://purl.obolibrary.org/obo/PBPKO_00065,
GFR,parameter,,,rdf,BQB_IS,,
QUrine,parameter,Urine secretion flow,L/d,rdf,BQM_IS,,
QUrine,parameter,,,rdf,BQB_IS,,
QTubule,parameter,proximaltubule fluid flow,L/d,rdf,BQM_IS,,
QTubule,parameter,,,rdf,BQB_IS,,
SAlb,parameter,serum albumine concentration,UNITLESS,rdf,BQM_IS,,
SAlb,parameter,,,rdf,BQB_IS,,
fup,parameter,fraction unbound in plasma,UNITLESS,rdf,BQM_IS,http://purl.obolibrary.org/obo/PBPKO_00591,
fup,parameter,,,rdf,BQB_IS,http://purl.obolibrary.org/obo/CHEBI_35549,
R_L_ec,parameter,Albumin ratio between plasma and liver extracellular,UNITLESS,rdf,BQM_IS,,
R_L_ec,parameter,,,rdf,BQB_IS,,
fu_Liver_intracellular,parameter,fraction unbound in liver intracellular,UNITLESS,rdf,BQM_IS,http://purl.obolibrary.org/obo/PBPKO_00154,
fu_Liver_intracellular,parameter,,,rdf,BQB_IS,http://purl.obolibrary.org/obo/CHEBI_35549,
R_PTL,parameter,Albumin ratio between plasma and proximal tubule lumen,UNITLESS,rdf,BQM_IS,,
R_PTL,parameter,,,rdf,BQB_IS,,
fu_Kidney_proximal_tubule,parameter,fraction unbound in proximal tubule lumen,UNITLESS,rdf,BQM_IS,http://purl.obolibrary.org/obo/PBPKO_00155,
fu_Kidney_proximal_tubule,parameter,,,rdf,BQB_IS,http://purl.obolibrary.org/obo/CHEBI_35549,
kfe,parameter,fecal excretion,/d,rdf,BQM_IS,http://purl.obolibrary.org/obo/PBPKO_00230,
kfe,parameter,,,rdf,BQB_IS,http://purl.obolibrary.org/obo/CHEBI_35549,
